flight_number,source,destination,departure_ts,arrival_ts,total_seats,price
6E3238,Pune,Nagpur,2026-02-28T15:19:57Z,2026-03-01T01:58:57Z,127,13264.57
SG1034,Mumbai,Goa,2026-03-18T06:29:57Z,2026-03-18T16:45:57Z,114,14186.26
6E289,Bangalore,Kochi,2026-06-23T02:29:57Z,2026-06-23T09:46:57Z,240,8699.91
6E7488,Bangalore,Chennai,2026-07-30T19:38:57Z,2026-07-31T03:20:57Z,223,3423.23
UK8923,Jaipur,Guwahati,2025-12-10T04:38:57Z,2025-12-10T08:25:57Z,109,3487.51
SG8182,Guwahati,Goa,2026-07-15T00:49:57Z,2026-07-15T04:07:57Z,224,2561.77
SG8634,Indore,Guwahati,2026-08-04T05:03:57Z,2026-08-04T11:46:57Z,175,5199.04
AI9644,Lucknow,Indore,2026-05-14T18:29:57Z,2026-05-14T23:20:57Z,155,6159.98
UK1638,Indore,Pune,2025-08-23T02:39:57Z,2025-08-23T04:51:57Z,181,11200.55
UK6094,Kolkata,Pune,2026-05-02T03:57:57Z,2026-05-02T06:26:57Z,249,6729.9
UK323,Goa,Chennai,2026-07-27T01:49:57Z,2026-07-27T04:17:57Z,231,8290.43
AI8748,Ahmedabad,Goa,2025-10-31T14:50:57Z,2025-10-31T23:20:57Z,246,11954.68
UK3316,Bangalore,Indore,2026-04-05T17:48:57Z,2026-04-05T23:02:57Z,226,3870.85
G8237,Jaipur,Kochi,2026-04-17T16:18:57Z,2026-04-18T01:11:57Z,191,14566.89
SG6847,Jaipur,Hyderabad,2025-11-20T14:29:57Z,2025-11-21T01:19:57Z,220,6170.28
SG5472,Jaipur,Mumbai,2025-11-02T07:44:57Z,2025-11-02T17:24:57Z,141,10768.21
SG3398,Pune,Kolkata,2025-12-15T00:24:57Z,2025-12-15T06:49:57Z,127,7827.63
AI9423,Nagpur,Chennai,2026-02-10T12:28:57Z,2026-02-10T20:30:57Z,178,14268.48
SG4308,Kochi,Ahmedabad,2025-09-30T15:30:57Z,2025-09-30T22:22:57Z,157,9457.64
6E3779,Goa,Jaipur,2026-02-08T05:34:57Z,2026-02-08T14:22:57Z,233,3043.84
G84370,Kolkata,Jaipur,2026-02-01T21:07:57Z,2026-02-02T07:35:57Z,166,7034.11
UK8579,Goa,Kochi,2026-03-02T18:05:57Z,2026-03-03T01:49:57Z,139,7970.65
AI3214,Indore,Kolkata,2025-10-16T05:29:57Z,2025-10-16T14:54:57Z,221,12355.65
G83285,Lucknow,Kolkata,2025-08-18T09:44:57Z,2025-08-18T10:54:57Z,234,3650.95
AI9965,Goa,Hyderabad,2025-11-24T21:43:57Z,2025-11-25T01:56:57Z,153,12710.83
G82148,Guwahati,Nagpur,2025-10-01T14:04:57Z,2025-10-01T23:38:57Z,130,4869.47
AI1690,Mumbai,Lucknow,2026-07-11T23:35:57Z,2026-07-12T03:50:57Z,141,3618.31
6E4358,Chennai,Kochi,2025-08-31T04:36:57Z,2025-08-31T13:45:57Z,221,3597.05
AI9753,Ahmedabad,Pune,2026-06-25T07:38:57Z,2026-06-25T18:12:57Z,179,2272.25
SG5074,Indore,Kochi,2026-01-25T23:00:57Z,2026-01-26T01:07:57Z,209,3706.51
6E5487,Guwahati,Lucknow,2025-11-12T03:27:57Z,2025-11-12T06:51:57Z,203,9761.77
UK3662,Hyderabad,Goa,2026-03-18T18:29:57Z,2026-03-19T03:59:57Z,146,13914.8
SG9993,Indore,Lucknow,2026-07-16T06:43:57Z,2026-07-16T12:31:57Z,178,9361.4
6E887,Jaipur,Indore,2025-09-27T17:36:57Z,2025-09-28T00:17:57Z,191,14675.03
UK4812,Hyderabad,Lucknow,2025-10-15T08:18:57Z,2025-10-15T12:10:57Z,203,4205.97
G82375,Nagpur,Hyderabad,2026-01-02T14:06:57Z,2026-01-02T16:01:57Z,110,9835.41
UK7716,Pune,Delhi,2025-08-14T22:16:57Z,2025-08-15T08:53:57Z,248,3934.71
AI985,Pune,Indore,2026-05-27T09:42:57Z,2026-05-27T20:37:57Z,158,14226.66
6E3199,Mumbai,Nagpur,2026-06-13T06:36:57Z,2026-06-13T13:01:57Z,104,14539.7
6E9538,Kolkata,Nagpur,2026-05-17T08:20:57Z,2026-05-17T16:11:57Z,104,3014.02
UK9437,Mumbai,Lucknow,2025-09-21T16:45:57Z,2025-09-21T20:37:57Z,206,14924.72
G83890,Hyderabad,Guwahati,2025-08-13T04:34:57Z,2025-08-13T08:27:57Z,157,6298.51
AI6045,Jaipur,Hyderabad,2026-02-05T19:52:57Z,2026-02-06T03:31:57Z,231,3870.41
G85910,Pune,Mumbai,2026-07-19T10:26:57Z,2026-07-19T16:37:57Z,203,10184.99
UK6076,Kochi,Delhi,2026-05-05T01:09:57Z,2026-05-05T09:03:57Z,250,13454.61
AI4413,Delhi,Ahmedabad,2025-11-02T07:57:57Z,2025-11-02T11:14:57Z,146,2358.97
UK5065,Pune,Jaipur,2026-05-08T08:51:57Z,2026-05-08T11:33:57Z,249,10923.28
SG7366,Lucknow,Ahmedabad,2026-07-12T13:53:57Z,2026-07-12T21:20:57Z,201,14549.91
6E4651,Indore,Hyderabad,2026-05-07T07:18:57Z,2026-05-07T12:57:57Z,156,9932.72
AI2813,Hyderabad,Delhi,2026-04-26T21:29:57Z,2026-04-27T00:38:57Z,217,3357.26
SG3652,Lucknow,Hyderabad,2026-08-05T15:26:57Z,2026-08-06T01:33:57Z,183,4856.84
G81365,Bangalore,Delhi,2025-08-29T05:45:57Z,2025-08-29T14:04:57Z,250,5000.18
6E8365,Chennai,Nagpur,2025-11-30T13:24:57Z,2025-11-30T23:16:57Z,241,6080.11
AI6321,Guwahati,Jaipur,2025-08-30T01:33:57Z,2025-08-30T06:37:57Z,196,14917.96
AI6492,Mumbai,Pune,2025-11-23T23:31:57Z,2025-11-24T03:57:57Z,155,11006.84
AI7855,Indore,Kochi,2025-10-21T01:45:57Z,2025-10-21T09:30:57Z,162,8284.3
AI354,Lucknow,Goa,2025-09-24T11:30:57Z,2025-09-24T21:51:57Z,131,8305.25
G88856,Guwahati,Lucknow,2025-09-02T00:01:57Z,2025-09-02T05:51:57Z,119,4124.33
SG6515,Jaipur,Chennai,2025-09-09T21:45:57Z,2025-09-10T03:53:57Z,104,9040.36
UK7628,Kolkata,Ahmedabad,2025-12-31T17:34:57Z,2026-01-01T04:02:57Z,172,12705.35
UK3120,Indore,Goa,2025-11-07T06:16:57Z,2025-11-07T16:59:57Z,228,7554.48
AI9436,Chennai,Nagpur,2026-02-11T21:49:57Z,2026-02-12T03:49:57Z,242,7245.74
G84848,Chennai,Lucknow,2026-03-23T21:27:57Z,2026-03-24T05:58:57Z,199,10746.28
6E932,Pune,Guwahati,2026-05-31T19:07:57Z,2026-06-01T02:17:57Z,238,10856.49
SG7759,Kochi,Delhi,2025-10-27T19:33:57Z,2025-10-28T02:42:57Z,115,9902.12
AI6364,Delhi,Goa,2025-10-13T14:44:57Z,2025-10-14T00:17:57Z,155,9861.9
G88169,Ahmedabad,Bangalore,2026-03-17T14:55:57Z,2026-03-17T20:51:57Z,119,13650.26
SG6508,Pune,Kolkata,2026-03-07T06:13:57Z,2026-03-07T12:19:57Z,185,4302.53
G87214,Kochi,Mumbai,2026-04-18T02:05:57Z,2026-04-18T06:52:57Z,177,4787.76
AI5484,Indore,Ahmedabad,2026-05-01T08:04:57Z,2026-05-01T17:31:57Z,131,6561.07
6E1575,Kochi,Ahmedabad,2025-12-16T23:03:57Z,2025-12-17T02:07:57Z,130,9602.03
AI1053,Jaipur,Pune,2026-05-18T14:42:57Z,2026-05-19T01:41:57Z,177,4560.84
G88479,Bangalore,Lucknow,2026-01-09T19:08:57Z,2026-01-10T04:43:57Z,176,11289.47
G89380,Lucknow,Jaipur,2026-01-05T13:58:57Z,2026-01-05T22:40:57Z,190,2920.61
SG1641,Ahmedabad,Hyderabad,2025-09-13T15:17:57Z,2025-09-13T23:53:57Z,189,11334.75
6E4998,Guwahati,Ahmedabad,2025-12-11T08:30:57Z,2025-12-11T11:54:57Z,225,13156.43
AI586,Delhi,Ahmedabad,2026-07-22T12:53:57Z,2026-07-22T17:38:57Z,157,7982.37
UK4500,Indore,Delhi,2026-07-16T06:52:57Z,2026-07-16T08:18:57Z,177,12423.8
G81983,Kolkata,Pune,2025-09-01T17:24:57Z,2025-09-02T03:24:57Z,229,3834.95
G83743,Hyderabad,Bangalore,2026-06-02T04:34:57Z,2026-06-02T07:28:57Z,176,5626.66
G82295,Lucknow,Pune,2026-07-31T06:10:57Z,2026-07-31T11:23:57Z,181,5165.77
6E4746,Indore,Goa,2026-01-26T13:20:57Z,2026-01-26T18:50:57Z,250,4519.32
AI9888,Hyderabad,Goa,2026-05-17T22:05:57Z,2026-05-18T06:29:57Z,230,12149.17
G89533,Jaipur,Guwahati,2026-05-27T04:06:57Z,2026-05-27T10:35:57Z,137,9330.73
AI4241,Nagpur,Delhi,2025-10-03T02:24:57Z,2025-10-03T11:10:57Z,144,7219.31
6E6461,Chennai,Nagpur,2026-03-16T21:38:57Z,2026-03-17T04:47:57Z,211,13476.13
G82648,Nagpur,Hyderabad,2026-05-12T12:01:57Z,2026-05-12T19:50:57Z,190,11549.41
AI1220,Bangalore,Hyderabad,2025-09-17T01:48:57Z,2025-09-17T05:06:57Z,129,3541.53
G82087,Goa,Lucknow,2026-05-03T06:58:57Z,2026-05-03T17:57:57Z,149,2193.57
UK6621,Hyderabad,Jaipur,2026-01-09T07:47:57Z,2026-01-09T11:49:57Z,102,11751.57
6E4972,Indore,Nagpur,2026-06-18T23:58:57Z,2026-06-19T09:51:57Z,127,13905.69
6E698,Jaipur,Hyderabad,2025-10-09T13:27:57Z,2025-10-09T17:23:57Z,230,13195.13
G8388,Goa,Ahmedabad,2026-03-01T14:07:57Z,2026-03-01T19:16:57Z,213,6951.3
SG6787,Lucknow,Indore,2026-01-11T13:23:57Z,2026-01-11T18:38:57Z,152,7416.34
AI3005,Goa,Hyderabad,2025-11-07T01:27:57Z,2025-11-07T04:39:57Z,110,14733.43
UK3252,Pune,Kolkata,2026-03-27T21:55:57Z,2026-03-28T07:22:57Z,150,13299.68
AI3196,Pune,Hyderabad,2026-01-31T13:15:57Z,2026-01-31T23:04:57Z,250,5423.48
6E5959,Jaipur,Indore,2026-06-19T14:18:57Z,2026-06-19T21:20:57Z,115,2658.15
UK1318,Hyderabad,Lucknow,2026-06-24T21:15:57Z,2026-06-25T00:30:57Z,149,4388.44
6E4922,Pune,Guwahati,2025-09-19T23:27:57Z,2025-09-20T01:24:57Z,133,11629.19
6E5297,Kochi,Indore,2026-07-21T10:38:57Z,2026-07-21T19:25:57Z,244,5433.86
AI9326,Mumbai,Pune,2026-08-03T02:25:57Z,2026-08-03T12:48:57Z,233,3208.43
G88519,Mumbai,Lucknow,2026-01-27T17:40:57Z,2026-01-28T00:59:57Z,245,6748.01
UK7041,Kochi,Ahmedabad,2026-05-15T05:05:57Z,2026-05-15T08:27:57Z,107,6620.06
6E9434,Jaipur,Guwahati,2025-10-26T11:41:57Z,2025-10-26T19:43:57Z,151,3268.07
AI9859,Bangalore,Guwahati,2026-01-06T13:28:57Z,2026-01-06T21:55:57Z,210,6596.64
AI3560,Chennai,Ahmedabad,2025-09-13T06:15:57Z,2025-09-13T10:05:57Z,222,5698.27
G89367,Chennai,Pune,2025-09-09T18:08:57Z,2025-09-10T03:48:57Z,102,6357.89
SG4198,Mumbai,Lucknow,2026-05-13T11:33:57Z,2026-05-13T19:25:57Z,159,12883.19
G88750,Pune,Hyderabad,2026-02-20T05:22:57Z,2026-02-20T10:58:57Z,232,4273.53
G84454,Kochi,Jaipur,2025-12-04T03:53:57Z,2025-12-04T11:49:57Z,167,9694.13
6E4492,Hyderabad,Chennai,2026-01-30T22:22:57Z,2026-01-31T05:43:57Z,179,3896.23
6E7769,Pune,Jaipur,2025-10-25T14:27:57Z,2025-10-25T20:49:57Z,125,9022.33
6E2606,Ahmedabad,Pune,2026-07-10T03:20:57Z,2026-07-10T05:27:57Z,170,12541.73
G8806,Lucknow,Nagpur,2025-12-26T11:06:57Z,2025-12-26T16:36:57Z,116,2291.94
UK9886,Lucknow,Pune,2026-01-04T00:30:57Z,2026-01-04T06:02:57Z,236,7116.47
UK3088,Pune,Jaipur,2026-06-19T03:29:57Z,2026-06-19T08:47:57Z,135,7081.88
G85939,Chennai,Goa,2026-03-18T10:04:57Z,2026-03-18T16:21:57Z,100,7362.88
UK336,Bangalore,Mumbai,2025-09-19T22:52:57Z,2025-09-20T09:40:57Z,238,5231.54
SG4812,Kolkata,Goa,2025-11-30T01:30:57Z,2025-11-30T12:27:57Z,212,8405.47
AI6412,Goa,Delhi,2025-12-19T15:41:57Z,2025-12-20T00:35:57Z,215,9578.62
UK1014,Hyderabad,Kolkata,2026-03-30T04:22:57Z,2026-03-30T13:18:57Z,119,5541.75
G84566,Nagpur,Kolkata,2026-07-14T11:50:57Z,2026-07-14T21:24:57Z,241,3597.2
6E698,Delhi,Pune,2026-05-11T04:53:57Z,2026-05-11T15:00:57Z,130,7285.63
UK9443,Ahmedabad,Chennai,2025-10-05T17:14:57Z,2025-10-06T02:40:57Z,135,11715.01
AI5690,Lucknow,Kochi,2026-07-29T21:58:57Z,2026-07-30T00:19:57Z,173,3339.32
6E1200,Goa,Lucknow,2025-10-05T16:41:57Z,2025-10-06T01:55:57Z,131,2275.8
AI6188,Indore,Hyderabad,2026-08-03T13:22:57Z,2026-08-03T16:09:57Z,229,14712.25
SG9178,Mumbai,Lucknow,2026-02-03T23:10:57Z,2026-02-04T03:59:57Z,220,10565.0
6E2018,Hyderabad,Ahmedabad,2026-04-15T23:16:57Z,2026-04-16T06:49:57Z,170,14191.3
AI1644,Ahmedabad,Kochi,2026-01-04T01:44:57Z,2026-01-04T05:23:57Z,182,12876.63
6E558,Nagpur,Guwahati,2026-05-25T09:38:57Z,2026-05-25T14:07:57Z,210,10759.61
6E5490,Lucknow,Indore,2026-05-18T18:33:57Z,2026-05-18T22:28:57Z,143,11633.0
SG7678,Ahmedabad,Hyderabad,2026-06-14T13:19:57Z,2026-06-14T20:24:57Z,216,9210.17
6E1859,Kolkata,Indore,2026-05-07T12:15:57Z,2026-05-07T21:15:57Z,190,5673.55
6E6681,Goa,Nagpur,2025-11-20T12:17:57Z,2025-11-20T23:14:57Z,128,7448.17
6E9973,Jaipur,Ahmedabad,2026-02-04T03:35:57Z,2026-02-04T11:05:57Z,108,6671.29
G86389,Hyderabad,Pune,2026-05-02T15:48:57Z,2026-05-02T21:31:57Z,146,2723.84
UK9108,Mumbai,Guwahati,2025-11-08T09:25:57Z,2025-11-08T16:16:57Z,163,4292.91
SG8081,Chennai,Delhi,2025-08-12T20:21:57Z,2025-08-13T05:43:57Z,207,9319.48
SG5310,Lucknow,Kolkata,2025-11-26T03:00:57Z,2025-11-26T11:28:57Z,136,3102.76
G81645,Hyderabad,Jaipur,2026-04-27T08:28:57Z,2026-04-27T13:27:57Z,208,3377.51
6E2931,Hyderabad,Kolkata,2026-04-02T22:55:57Z,2026-04-03T02:06:57Z,128,2542.68
6E8669,Bangalore,Mumbai,2026-03-19T05:50:57Z,2026-03-19T14:15:57Z,198,12855.53
6E1864,Lucknow,Kolkata,2026-04-07T19:25:57Z,2026-04-07T22:06:57Z,112,12925.21
SG409,Bangalore,Guwahati,2026-05-31T02:23:57Z,2026-05-31T10:14:57Z,125,9695.23
AI231,Delhi,Chennai,2025-12-04T19:23:57Z,2025-12-05T00:14:57Z,195,13835.61
SG5479,Bangalore,Ahmedabad,2026-06-20T06:17:57Z,2026-06-20T17:16:57Z,211,7070.46
SG9097,Nagpur,Lucknow,2026-01-26T04:55:57Z,2026-01-26T08:09:57Z,137,3114.17
AI1461,Jaipur,Ahmedabad,2026-01-11T01:08:57Z,2026-01-11T04:25:57Z,169,5844.67
6E1039,Delhi,Indore,2025-11-03T12:16:57Z,2025-11-03T17:25:57Z,165,2553.91
AI4471,Ahmedabad,Hyderabad,2025-11-12T09:52:57Z,2025-11-12T20:23:57Z,193,7070.12
UK104,Lucknow,Bangalore,2025-09-17T00:43:57Z,2025-09-17T08:16:57Z,155,3170.95
6E9160,Delhi,Goa,2026-03-02T19:59:57Z,2026-03-03T02:11:57Z,234,7495.28
G8525,Ahmedabad,Hyderabad,2026-03-22T23:29:57Z,2026-03-23T10:28:57Z,197,13560.95
6E4331,Hyderabad,Guwahati,2025-10-20T05:27:57Z,2025-10-20T08:20:57Z,232,4150.06
AI7436,Mumbai,Goa,2025-10-22T18:50:57Z,2025-10-22T23:00:57Z,214,3831.83
6E9505,Indore,Kolkata,2025-10-08T12:18:57Z,2025-10-08T17:51:57Z,124,6231.5
AI7746,Kochi,Delhi,2026-05-26T14:31:57Z,2026-05-26T19:50:57Z,100,2246.63
6E1715,Nagpur,Ahmedabad,2025-11-06T22:37:57Z,2025-11-07T06:48:57Z,160,12084.47
6E2644,Delhi,Mumbai,2026-04-26T06:52:57Z,2026-04-26T17:23:57Z,232,10982.98
6E1343,Goa,Bangalore,2025-11-18T04:51:57Z,2025-11-18T09:28:57Z,197,10110.44
AI5450,Mumbai,Chennai,2026-05-14T15:54:57Z,2026-05-15T00:00:57Z,178,3452.31
UK6958,Kochi,Goa,2025-10-06T13:17:57Z,2025-10-06T21:50:57Z,107,6084.23
SG8856,Indore,Lucknow,2026-08-09T05:30:57Z,2026-08-09T07:55:57Z,208,5372.5
6E2001,Guwahati,Nagpur,2025-09-25T06:44:57Z,2025-09-25T10:52:57Z,112,4642.24
SG3791,Pune,Nagpur,2026-05-27T11:21:57Z,2026-05-27T13:47:57Z,238,12071.0
G83054,Kolkata,Nagpur,2026-07-15T20:34:57Z,2026-07-16T00:21:57Z,193,7780.89
SG3326,Bangalore,Guwahati,2025-12-23T02:48:57Z,2025-12-23T10:26:57Z,231,11885.18
G86475,Nagpur,Kochi,2026-04-22T20:52:57Z,2026-04-23T01:55:57Z,180,11506.66
G81045,Hyderabad,Guwahati,2026-03-24T12:07:57Z,2026-03-24T14:32:57Z,122,10134.54
G85927,Guwahati,Nagpur,2026-02-27T21:42:57Z,2026-02-28T00:16:57Z,226,12985.93
UK6906,Pune,Mumbai,2026-07-21T09:09:57Z,2026-07-21T13:08:57Z,159,8950.77
6E5044,Kolkata,Chennai,2026-02-26T02:14:57Z,2026-02-26T07:05:57Z,196,7480.77
UK7725,Nagpur,Mumbai,2025-09-23T16:22:57Z,2025-09-23T23:09:57Z,156,3314.89
AI7800,Bangalore,Goa,2026-06-15T07:17:57Z,2026-06-15T13:11:57Z,124,10653.78
AI9623,Bangalore,Indore,2026-02-24T13:17:57Z,2026-02-24T20:19:57Z,100,5847.25
6E5723,Hyderabad,Chennai,2026-01-23T22:04:57Z,2026-01-24T04:37:57Z,198,3041.32
UK1892,Pune,Goa,2025-11-27T02:25:57Z,2025-11-27T03:33:57Z,152,13006.89
6E2383,Jaipur,Kolkata,2025-12-22T12:29:57Z,2025-12-22T14:27:57Z,126,14561.28
SG7460,Lucknow,Jaipur,2025-09-03T04:14:57Z,2025-09-03T14:07:57Z,219,5794.15
SG3624,Indore,Ahmedabad,2025-12-12T16:07:57Z,2025-12-13T00:31:57Z,113,3682.66
SG6384,Jaipur,Chennai,2025-10-27T19:23:57Z,2025-10-28T00:20:57Z,242,3786.57
G87507,Chennai,Indore,2025-08-23T03:46:57Z,2025-08-23T07:54:57Z,232,5417.86
UK1771,Ahmedabad,Kolkata,2025-10-28T14:15:57Z,2025-10-28T19:36:57Z,206,14667.88
SG5895,Pune,Lucknow,2026-06-02T18:16:57Z,2026-06-03T04:42:57Z,198,13524.24
UK9136,Goa,Hyderabad,2025-11-28T12:39:57Z,2025-11-28T22:40:57Z,173,11304.75
6E3876,Kochi,Hyderabad,2025-12-30T02:18:57Z,2025-12-30T09:55:57Z,244,7658.33
AI5065,Pune,Bangalore,2026-06-28T00:19:57Z,2026-06-28T08:56:57Z,244,8910.53
SG8078,Jaipur,Bangalore,2025-12-08T19:41:57Z,2025-12-09T05:05:57Z,217,3613.13
6E4707,Indore,Lucknow,2026-02-16T01:54:57Z,2026-02-16T05:07:57Z,119,2696.46
UK6565,Chennai,Bangalore,2026-07-03T10:56:57Z,2026-07-03T20:44:57Z,239,12337.42
AI8848,Ahmedabad,Nagpur,2026-01-04T01:01:57Z,2026-01-04T08:34:57Z,236,7300.58
SG179,Mumbai,Kolkata,2026-01-07T08:20:57Z,2026-01-07T09:33:57Z,134,14080.07
6E2124,Chennai,Ahmedabad,2026-04-22T07:11:57Z,2026-04-22T13:46:57Z,102,8914.64
6E6136,Lucknow,Indore,2025-12-06T11:32:57Z,2025-12-06T12:39:57Z,221,4457.93
AI7837,Nagpur,Hyderabad,2026-08-01T03:57:57Z,2026-08-01T07:37:57Z,125,5551.8
UK924,Lucknow,Delhi,2025-10-06T14:42:57Z,2025-10-06T16:56:57Z,145,9128.75
6E657,Ahmedabad,Bangalore,2026-05-05T06:27:57Z,2026-05-05T11:04:57Z,185,14230.01
6E5054,Bangalore,Chennai,2026-07-25T16:19:57Z,2026-07-25T22:55:57Z,239,4379.02
6E9326,Pune,Lucknow,2025-09-13T15:01:57Z,2025-09-13T23:31:57Z,114,14831.3
AI5880,Guwahati,Pune,2026-01-13T14:07:57Z,2026-01-13T16:32:57Z,153,14657.59
AI8935,Indore,Nagpur,2026-07-08T09:51:57Z,2026-07-08T14:27:57Z,107,12544.38
AI4942,Goa,Hyderabad,2026-08-05T09:43:57Z,2026-08-05T13:16:57Z,213,3338.6
UK4969,Delhi,Hyderabad,2026-07-02T11:14:57Z,2026-07-02T16:54:57Z,101,4719.89
UK5667,Hyderabad,Chennai,2026-06-10T09:56:57Z,2026-06-10T20:49:57Z,122,9817.81
6E7538,Ahmedabad,Goa,2025-12-30T02:20:57Z,2025-12-30T11:20:57Z,230,7105.42
G83360,Indore,Ahmedabad,2026-02-01T21:10:57Z,2026-02-01T23:17:57Z,213,11702.3
UK3937,Indore,Mumbai,2026-03-11T08:13:57Z,2026-03-11T16:56:57Z,142,12584.34
6E3762,Pune,Kochi,2025-12-26T18:58:57Z,2025-12-27T01:20:57Z,208,7100.06
6E2492,Indore,Kochi,2025-12-24T14:13:57Z,2025-12-24T18:43:57Z,175,2954.95
UK104,Delhi,Kochi,2026-06-17T14:27:57Z,2026-06-17T23:14:57Z,200,6388.92
G87437,Chennai,Mumbai,2026-07-14T20:43:57Z,2026-07-14T23:13:57Z,211,2023.29
6E6689,Pune,Kochi,2025-10-02T11:07:57Z,2025-10-02T19:25:57Z,188,12890.62
G84641,Guwahati,Nagpur,2026-05-12T17:14:57Z,2026-05-12T19:55:57Z,172,2637.17
6E3234,Bangalore,Pune,2026-06-30T20:12:57Z,2026-06-30T23:18:57Z,237,10118.31
SG4508,Ahmedabad,Bangalore,2025-11-18T12:22:57Z,2025-11-18T18:00:57Z,211,10368.5
UK6634,Jaipur,Indore,2025-10-09T02:36:57Z,2025-10-09T10:33:57Z,233,5845.29
AI8978,Goa,Hyderabad,2026-02-23T11:06:57Z,2026-02-23T16:19:57Z,134,8538.49
G8807,Guwahati,Indore,2026-03-28T23:41:57Z,2026-03-29T03:57:57Z,129,11951.39
G89892,Kolkata,Goa,2026-07-24T20:58:57Z,2026-07-25T00:21:57Z,244,6349.46
AI5625,Hyderabad,Pune,2026-01-01T20:51:57Z,2026-01-02T02:33:57Z,136,10124.18
6E7217,Ahmedabad,Indore,2026-02-17T18:16:57Z,2026-02-17T23:18:57Z,125,5889.66
AI2259,Kochi,Goa,2025-10-10T14:34:57Z,2025-10-11T00:20:57Z,113,14763.13
6E6320,Chennai,Lucknow,2025-08-21T05:34:57Z,2025-08-21T09:33:57Z,235,14534.15
G89416,Lucknow,Guwahati,2026-07-14T01:58:57Z,2026-07-14T11:12:57Z,120,5231.65
6E157,Nagpur,Pune,2025-09-25T15:02:57Z,2025-09-25T19:45:57Z,233,5742.38
SG4661,Ahmedabad,Kochi,2025-11-22T06:08:57Z,2025-11-22T13:08:57Z,244,6506.3
G82863,Chennai,Guwahati,2026-04-30T03:34:57Z,2026-04-30T07:32:57Z,115,3842.06
UK6436,Ahmedabad,Guwahati,2025-08-19T12:50:57Z,2025-08-19T18:30:57Z,128,12215.47
6E6429,Bangalore,Goa,2026-06-24T02:24:57Z,2026-06-24T04:47:57Z,221,5192.82
UK5531,Jaipur,Guwahati,2026-04-03T19:45:57Z,2026-04-04T03:38:57Z,132,4415.39
G89631,Pune,Kochi,2025-11-16T05:40:57Z,2025-11-16T12:49:57Z,156,6879.99
SG1364,Ahmedabad,Delhi,2025-12-24T06:19:57Z,2025-12-24T13:29:57Z,106,7795.94
AI9740,Lucknow,Ahmedabad,2026-05-21T14:56:57Z,2026-05-21T22:34:57Z,111,8665.11
SG1204,Pune,Ahmedabad,2025-11-12T14:13:57Z,2025-11-12T19:41:57Z,101,12344.59
6E1697,Hyderabad,Goa,2026-08-06T09:31:57Z,2026-08-06T15:38:57Z,189,4341.04
6E6515,Kochi,Hyderabad,2025-10-30T03:14:57Z,2025-10-30T06:16:57Z,106,2981.24
G88704,Bangalore,Indore,2026-01-13T06:31:57Z,2026-01-13T13:25:57Z,161,14594.73
G81809,Jaipur,Hyderabad,2026-05-15T22:35:57Z,2026-05-16T06:49:57Z,199,14186.32
6E4695,Pune,Ahmedabad,2026-03-31T10:42:57Z,2026-03-31T20:28:57Z,200,10950.09
G84255,Hyderabad,Kolkata,2026-07-10T09:55:57Z,2026-07-10T14:24:57Z,171,8240.47
AI1517,Chennai,Goa,2026-03-01T00:10:57Z,2026-03-01T03:18:57Z,151,3813.12
AI1732,Jaipur,Kochi,2025-09-30T12:33:57Z,2025-09-30T20:38:57Z,130,7272.27
UK3709,Hyderabad,Delhi,2025-08-20T14:18:57Z,2025-08-20T19:36:57Z,218,2702.05
6E2058,Bangalore,Kochi,2026-01-13T16:08:57Z,2026-01-13T22:56:57Z,238,3456.34
UK4817,Pune,Bangalore,2025-10-09T02:51:57Z,2025-10-09T10:47:57Z,192,9678.49
G8992,Goa,Kolkata,2025-10-18T10:55:57Z,2025-10-18T16:59:57Z,165,9693.24
AI9695,Guwahati,Mumbai,2026-03-06T20:58:57Z,2026-03-07T03:52:57Z,155,6358.71
UK5287,Kochi,Guwahati,2026-04-18T01:12:57Z,2026-04-18T04:25:57Z,106,10128.28
SG8348,Goa,Ahmedabad,2026-02-22T14:27:57Z,2026-02-22T21:03:57Z,159,2826.38
UK1942,Guwahati,Pune,2026-07-10T06:04:57Z,2026-07-10T10:21:57Z,201,12465.65
6E4816,Nagpur,Guwahati,2026-02-14T21:14:57Z,2026-02-15T05:12:57Z,183,7289.48
6E8904,Kolkata,Hyderabad,2026-02-19T12:37:57Z,2026-02-19T15:30:57Z,170,7470.45
6E5335,Hyderabad,Lucknow,2026-06-26T06:44:57Z,2026-06-26T10:15:57Z,122,4686.99
G8992,Hyderabad,Mumbai,2026-02-05T18:06:57Z,2026-02-06T01:51:57Z,126,6667.18
AI2332,Indore,Hyderabad,2026-03-08T17:52:57Z,2026-03-08T20:56:57Z,248,4839.58
SG2742,Chennai,Jaipur,2025-11-02T02:52:57Z,2025-11-02T12:27:57Z,144,4546.85
AI9572,Guwahati,Indore,2026-05-15T17:01:57Z,2026-05-15T23:29:57Z,196,14276.05
6E4657,Mumbai,Jaipur,2026-02-07T03:08:57Z,2026-02-07T08:27:57Z,191,13236.89
UK9999,Guwahati,Indore,2026-07-02T13:02:57Z,2026-07-02T16:15:57Z,162,6904.28
UK2271,Lucknow,Indore,2026-06-12T18:51:57Z,2026-06-12T20:58:57Z,154,7957.69
AI867,Kochi,Hyderabad,2026-07-14T08:05:57Z,2026-07-14T14:09:57Z,230,9230.33
UK2456,Ahmedabad,Chennai,2025-12-05T10:01:57Z,2025-12-05T16:05:57Z,103,2926.11
AI920,Ahmedabad,Kochi,2026-03-27T02:26:57Z,2026-03-27T04:57:57Z,148,8283.49
SG8976,Mumbai,Kochi,2026-01-24T23:32:57Z,2026-01-25T01:15:57Z,198,9434.12
UK2696,Chennai,Ahmedabad,2026-01-03T16:08:57Z,2026-01-03T21:20:57Z,215,9329.88
6E6485,Kolkata,Jaipur,2025-12-23T00:11:57Z,2025-12-23T09:08:57Z,194,6145.87
G89197,Bangalore,Hyderabad,2025-08-11T02:34:57Z,2025-08-11T05:57:57Z,194,14528.42
SG6482,Goa,Kolkata,2026-05-26T08:46:57Z,2026-05-26T10:02:57Z,112,10435.12
G82965,Indore,Guwahati,2025-11-17T09:29:57Z,2025-11-17T20:27:57Z,218,11520.07
SG9235,Guwahati,Kochi,2026-06-10T01:19:57Z,2026-06-10T07:06:57Z,167,4404.55
UK6587,Lucknow,Chennai,2026-05-04T13:28:57Z,2026-05-04T21:48:57Z,198,8581.56
AI7302,Kochi,Mumbai,2025-11-07T04:09:57Z,2025-11-07T14:12:57Z,109,13454.76
SG6249,Indore,Kolkata,2026-01-16T02:36:57Z,2026-01-16T08:06:57Z,178,11760.56
G89171,Delhi,Indore,2026-04-03T13:57:57Z,2026-04-03T23:10:57Z,209,2613.87
G88059,Chennai,Delhi,2026-07-27T23:46:57Z,2026-07-28T01:06:57Z,159,2984.3
SG3973,Nagpur,Chennai,2025-11-29T16:26:57Z,2025-11-29T18:09:57Z,213,6801.44
G89578,Goa,Pune,2026-04-13T00:04:57Z,2026-04-13T07:52:57Z,172,14525.43
6E5028,Hyderabad,Pune,2026-02-16T19:39:57Z,2026-02-17T03:26:57Z,182,10947.56
6E8526,Nagpur,Kolkata,2025-12-28T04:05:57Z,2025-12-28T13:15:57Z,248,14462.04
UK6175,Chennai,Bangalore,2025-10-24T18:17:57Z,2025-10-24T20:19:57Z,160,6465.64
SG3721,Chennai,Pune,2025-12-19T22:29:57Z,2025-12-20T07:01:57Z,230,8445.92
AI7657,Chennai,Nagpur,2026-02-26T20:31:57Z,2026-02-26T23:57:57Z,170,3779.79
6E9604,Goa,Guwahati,2025-08-12T02:52:57Z,2025-08-12T05:56:57Z,242,13387.9
SG4992,Delhi,Lucknow,2025-09-07T02:03:57Z,2025-09-07T04:41:57Z,223,4974.69
SG8800,Jaipur,Indore,2025-09-14T03:59:57Z,2025-09-14T06:39:57Z,197,2892.55
6E7737,Lucknow,Goa,2026-03-15T08:16:57Z,2026-03-15T14:01:57Z,149,5758.47
UK8018,Indore,Ahmedabad,2026-02-12T05:41:57Z,2026-02-12T15:35:57Z,188,2187.41
G88040,Indore,Chennai,2026-01-25T10:03:57Z,2026-01-25T18:33:57Z,128,12666.79
G86116,Bangalore,Guwahati,2026-04-19T13:20:57Z,2026-04-19T23:24:57Z,219,2855.84
G87815,Lucknow,Mumbai,2025-08-22T13:45:57Z,2025-08-22T21:40:57Z,173,6048.73
UK1584,Kolkata,Pune,2025-09-30T13:03:57Z,2025-09-30T14:07:57Z,184,6048.14
G82609,Pune,Nagpur,2025-12-12T09:07:57Z,2025-12-12T13:13:57Z,180,6007.89
UK9423,Nagpur,Ahmedabad,2026-02-03T02:40:57Z,2026-02-03T11:06:57Z,166,6542.52
6E9729,Ahmedabad,Mumbai,2026-08-04T19:19:57Z,2026-08-04T21:13:57Z,219,3978.57
AI6191,Ahmedabad,Chennai,2026-01-15T17:39:57Z,2026-01-15T19:45:57Z,179,5784.59
AI3980,Chennai,Mumbai,2026-07-05T06:00:57Z,2026-07-05T15:55:57Z,151,4902.82
G81277,Indore,Goa,2026-06-04T17:20:57Z,2026-06-05T00:11:57Z,166,11155.53
AI2246,Goa,Kolkata,2025-10-04T10:40:57Z,2025-10-04T14:11:57Z,146,4621.3
SG5912,Bangalore,Indore,2026-02-03T16:41:57Z,2026-02-04T03:05:57Z,232,5456.12
SG7302,Hyderabad,Mumbai,2026-07-12T14:26:57Z,2026-07-13T00:18:57Z,147,14792.1
AI1517,Chennai,Ahmedabad,2025-09-28T22:51:57Z,2025-09-29T01:25:57Z,130,7986.13
6E3439,Delhi,Bangalore,2026-03-07T17:30:57Z,2026-03-08T01:30:57Z,205,14837.89
G89434,Delhi,Lucknow,2025-10-30T03:03:57Z,2025-10-30T10:40:57Z,209,2820.48
6E3774,Jaipur,Pune,2026-04-04T01:52:57Z,2026-04-04T12:13:57Z,222,10382.11
AI5265,Lucknow,Nagpur,2025-10-20T18:01:57Z,2025-10-21T04:58:57Z,244,13766.51
SG1710,Hyderabad,Pune,2025-11-05T00:29:57Z,2025-11-05T01:49:57Z,126,10323.26
AI8204,Delhi,Kochi,2026-03-12T19:49:57Z,2026-03-13T03:44:57Z,197,12951.79
6E9762,Guwahati,Chennai,2025-11-23T13:42:57Z,2025-11-23T17:08:57Z,215,3783.85
6E1467,Bangalore,Pune,2026-06-29T04:11:57Z,2026-06-29T07:38:57Z,221,10016.65
UK6406,Indore,Pune,2025-09-17T16:08:57Z,2025-09-17T18:18:57Z,124,12250.99
UK2961,Chennai,Kolkata,2025-08-14T06:45:57Z,2025-08-14T16:49:57Z,203,2894.38
G8197,Jaipur,Goa,2025-10-13T03:34:57Z,2025-10-13T09:54:57Z,124,2905.9
SG3085,Jaipur,Kochi,2025-09-03T03:07:57Z,2025-09-03T12:50:57Z,241,13417.12
AI5996,Nagpur,Pune,2026-04-10T14:12:57Z,2026-04-11T01:04:57Z,119,6780.23
UK3311,Kolkata,Goa,2026-02-23T13:07:57Z,2026-02-23T16:11:57Z,228,12280.33
6E5055,Kolkata,Pune,2026-05-22T02:03:57Z,2026-05-22T08:37:57Z,191,5542.38
AI9060,Kochi,Ahmedabad,2026-05-06T22:55:57Z,2026-05-07T05:33:57Z,186,11173.74
SG5596,Mumbai,Kolkata,2025-09-03T04:24:57Z,2025-09-03T07:11:57Z,114,11648.74
UK4554,Jaipur,Kolkata,2026-02-18T06:01:57Z,2026-02-18T13:56:57Z,146,3160.82
G85759,Chennai,Nagpur,2026-07-23T21:22:57Z,2026-07-24T01:36:57Z,134,11160.26
6E8941,Delhi,Guwahati,2026-05-30T16:18:57Z,2026-05-31T03:16:57Z,247,13757.4
UK3298,Ahmedabad,Chennai,2026-02-20T16:31:57Z,2026-02-20T18:53:57Z,123,7766.93
G82357,Kochi,Chennai,2026-04-30T17:44:57Z,2026-05-01T00:09:57Z,178,11359.7
G8157,Guwahati,Kochi,2025-09-09T06:16:57Z,2025-09-09T07:31:57Z,237,10433.44
UK5359,Kolkata,Nagpur,2026-05-08T21:57:57Z,2026-05-09T01:13:57Z,116,5047.95
AI607,Kolkata,Hyderabad,2026-05-17T13:27:57Z,2026-05-17T16:12:57Z,237,6505.51
AI7142,Nagpur,Indore,2026-07-25T08:35:57Z,2026-07-25T15:19:57Z,117,4051.84
AI6309,Hyderabad,Bangalore,2026-08-01T01:48:57Z,2026-08-01T11:28:57Z,173,5300.21
SG3468,Kolkata,Pune,2026-03-13T21:18:57Z,2026-03-14T04:16:57Z,165,2937.16
SG603,Chennai,Pune,2026-07-16T08:17:57Z,2026-07-16T13:13:57Z,209,14567.25
G86493,Pune,Mumbai,2026-02-10T20:27:57Z,2026-02-11T01:32:57Z,241,3843.61
AI5573,Indore,Bangalore,2026-01-09T03:21:57Z,2026-01-09T05:53:57Z,186,14146.54
AI7635,Bangalore,Jaipur,2025-09-09T04:23:57Z,2025-09-09T11:42:57Z,201,14437.79
6E7879,Lucknow,Chennai,2025-10-19T15:13:57Z,2025-10-19T21:00:57Z,116,7505.43
UK1673,Jaipur,Indore,2025-12-24T15:44:57Z,2025-12-24T19:03:57Z,122,14199.8
AI9564,Chennai,Kochi,2026-07-07T21:49:57Z,2026-07-08T00:24:57Z,131,7770.99
G89425,Indore,Jaipur,2025-08-21T19:24:57Z,2025-08-21T21:08:57Z,228,5723.29
SG9608,Mumbai,Delhi,2026-08-10T09:22:57Z,2026-08-10T12:47:57Z,129,9579.28
G82866,Hyderabad,Bangalore,2026-03-08T03:20:57Z,2026-03-08T06:50:57Z,181,5738.65
6E4241,Lucknow,Nagpur,2026-06-24T11:46:57Z,2026-06-24T18:16:57Z,243,8624.42
6E2571,Pune,Chennai,2026-04-28T16:11:57Z,2026-04-28T23:26:57Z,182,2047.62
AI3523,Goa,Lucknow,2025-08-22T20:57:57Z,2025-08-23T02:53:57Z,131,6912.12
6E2489,Bangalore,Jaipur,2025-10-31T22:21:57Z,2025-11-01T06:42:57Z,184,3984.3
UK6847,Lucknow,Indore,2025-09-11T17:33:57Z,2025-09-12T01:18:57Z,202,7135.71
UK6977,Kochi,Delhi,2026-04-10T19:31:57Z,2026-04-10T21:58:57Z,107,7217.51
6E2113,Delhi,Guwahati,2025-08-31T08:41:57Z,2025-08-31T19:13:57Z,250,7484.12
UK210,Hyderabad,Goa,2025-09-01T11:54:57Z,2025-09-01T22:38:57Z,176,8397.92
UK1763,Chennai,Ahmedabad,2026-05-29T01:11:57Z,2026-05-29T05:25:57Z,166,8757.88
G83387,Lucknow,Ahmedabad,2025-10-21T22:19:57Z,2025-10-22T01:03:57Z,160,11419.95
G8906,Goa,Ahmedabad,2026-06-20T15:47:57Z,2026-06-21T01:10:57Z,164,3713.43
G81585,Nagpur,Mumbai,2025-12-12T04:45:57Z,2025-12-12T06:44:57Z,134,5388.51
6E2898,Nagpur,Indore,2025-12-21T01:21:57Z,2025-12-21T11:56:57Z,240,3238.73
SG8384,Pune,Chennai,2026-05-01T22:26:57Z,2026-05-02T08:41:57Z,105,4003.47
6E107,Chennai,Delhi,2025-12-09T20:33:57Z,2025-12-10T01:38:57Z,182,7716.79
UK1281,Kochi,Bangalore,2026-04-11T18:12:57Z,2026-04-11T23:59:57Z,160,5688.08
G85015,Hyderabad,Kochi,2026-03-23T08:20:57Z,2026-03-23T12:09:57Z,145,12670.45
SG2360,Lucknow,Kochi,2026-01-19T08:23:57Z,2026-01-19T17:20:57Z,133,12732.82
G83771,Guwahati,Indore,2026-07-02T22:52:57Z,2026-07-03T02:28:57Z,139,8212.35
SG1043,Goa,Mumbai,2026-01-16T22:44:57Z,2026-01-17T03:04:57Z,126,4287.32
UK5839,Nagpur,Delhi,2025-10-07T19:18:57Z,2025-10-08T00:58:57Z,100,12374.17
SG3932,Ahmedabad,Pune,2026-08-05T08:17:57Z,2026-08-05T13:12:57Z,181,5959.97
6E3428,Lucknow,Chennai,2025-10-29T07:03:57Z,2025-10-29T16:15:57Z,225,13687.9
SG6125,Kochi,Kolkata,2025-08-27T08:51:57Z,2025-08-27T12:40:57Z,193,3939.39
SG7633,Delhi,Hyderabad,2026-08-03T18:29:57Z,2026-08-04T02:07:57Z,133,7347.24
6E4120,Mumbai,Nagpur,2025-10-07T05:35:57Z,2025-10-07T16:16:57Z,222,10839.72
AI5552,Nagpur,Hyderabad,2026-05-27T09:04:57Z,2026-05-27T18:50:57Z,236,11042.83
UK9668,Guwahati,Indore,2026-03-29T13:04:57Z,2026-03-29T20:40:57Z,233,9581.79
UK1746,Guwahati,Indore,2026-03-26T03:25:57Z,2026-03-26T04:57:57Z,189,5553.97
6E2815,Pune,Hyderabad,2025-11-27T19:07:57Z,2025-11-27T20:59:57Z,233,13254.58
SG2315,Delhi,Nagpur,2026-05-11T06:27:57Z,2026-05-11T09:37:57Z,230,9733.81
UK4148,Bangalore,Delhi,2025-11-29T23:45:57Z,2025-11-30T01:50:57Z,113,14630.59
SG7371,Hyderabad,Chennai,2025-12-03T04:44:57Z,2025-12-03T11:28:57Z,153,7525.26
G87341,Bangalore,Lucknow,2026-02-13T22:18:57Z,2026-02-14T07:38:57Z,105,13037.71
SG3391,Kochi,Lucknow,2025-10-24T23:27:57Z,2025-10-25T02:14:57Z,161,7461.21
SG7136,Kochi,Bangalore,2025-08-10T22:45:57Z,2025-08-11T01:19:57Z,148,7549.92
G81255,Kolkata,Bangalore,2026-04-03T16:41:57Z,2026-04-03T22:14:57Z,123,12367.03
SG6334,Pune,Delhi,2025-08-16T20:21:57Z,2025-08-17T02:35:57Z,225,3140.12
SG954,Nagpur,Delhi,2025-09-30T20:10:57Z,2025-10-01T03:33:57Z,104,12392.0
6E8681,Indore,Lucknow,2026-02-06T20:04:57Z,2026-02-07T06:26:57Z,186,9594.49
6E5861,Chennai,Indore,2026-05-20T02:45:57Z,2026-05-20T11:33:57Z,110,9341.48
6E8779,Nagpur,Kochi,2026-04-27T03:40:57Z,2026-04-27T12:01:57Z,138,12787.93
6E9321,Kolkata,Kochi,2025-10-31T06:27:57Z,2025-10-31T12:51:57Z,226,7224.77
6E1972,Bangalore,Goa,2026-03-17T08:13:57Z,2026-03-17T09:32:57Z,183,12997.71
6E9070,Lucknow,Kochi,2025-09-12T00:45:57Z,2025-09-12T04:56:57Z,244,3197.1
G83127,Kolkata,Indore,2025-10-05T07:32:57Z,2025-10-05T12:06:57Z,245,10497.6
6E4740,Pune,Delhi,2025-12-22T13:52:57Z,2025-12-22T18:57:57Z,145,13522.08
6E1582,Hyderabad,Ahmedabad,2026-02-02T14:54:57Z,2026-02-02T16:49:57Z,145,9515.9
G88103,Ahmedabad,Hyderabad,2026-05-20T01:34:57Z,2026-05-20T09:34:57Z,174,5110.82
G84987,Indore,Pune,2025-11-11T22:07:57Z,2025-11-12T03:31:57Z,247,9869.76
AI9619,Chennai,Guwahati,2025-10-27T12:09:57Z,2025-10-27T14:41:57Z,161,14159.74
G86047,Guwahati,Kolkata,2025-12-26T00:46:57Z,2025-12-26T07:12:57Z,157,6240.15
AI350,Lucknow,Goa,2026-01-09T03:11:57Z,2026-01-09T05:38:57Z,203,11530.59
UK8578,Indore,Chennai,2025-08-17T11:33:57Z,2025-08-17T20:51:57Z,132,11838.8
UK525,Lucknow,Goa,2026-03-18T02:43:57Z,2026-03-18T11:47:57Z,179,4508.96
AI6249,Kolkata,Lucknow,2025-10-01T13:45:57Z,2025-10-01T16:38:57Z,238,3578.85
UK2964,Kolkata,Chennai,2026-04-16T22:42:57Z,2026-04-17T00:44:57Z,112,13257.5
UK5166,Guwahati,Goa,2026-06-10T19:38:57Z,2026-06-11T04:46:57Z,228,3021.32
AI5732,Chennai,Lucknow,2025-11-22T20:49:57Z,2025-11-23T07:00:57Z,226,6213.19
6E2025,Goa,Mumbai,2026-06-09T04:18:57Z,2026-06-09T13:50:57Z,226,14535.31
G85457,Pune,Ahmedabad,2026-01-24T03:27:57Z,2026-01-24T11:38:57Z,200,4427.51
G81838,Indore,Pune,2026-07-24T16:29:57Z,2026-07-24T23:57:57Z,121,13193.79
SG6592,Chennai,Ahmedabad,2025-10-03T07:00:57Z,2025-10-03T11:38:57Z,188,5117.53
UK2250,Nagpur,Goa,2026-05-05T07:18:57Z,2026-05-05T11:39:57Z,218,4297.95
SG6403,Hyderabad,Pune,2025-12-22T05:18:57Z,2025-12-22T09:09:57Z,246,11050.37
G81203,Pune,Indore,2026-01-09T05:04:57Z,2026-01-09T09:22:57Z,236,11689.48
AI2350,Lucknow,Pune,2025-12-04T04:14:57Z,2025-12-04T08:43:57Z,185,6843.69
UK6910,Pune,Bangalore,2025-09-02T21:44:57Z,2025-09-03T01:49:57Z,177,6726.34
6E7887,Hyderabad,Pune,2026-04-22T18:52:57Z,2026-04-23T02:26:57Z,244,10547.92
UK3180,Jaipur,Ahmedabad,2026-02-23T05:29:57Z,2026-02-23T15:47:57Z,120,10005.85
G81907,Bangalore,Nagpur,2026-07-20T00:04:57Z,2026-07-20T04:14:57Z,230,4153.5
G8363,Indore,Hyderabad,2026-07-25T19:34:57Z,2026-07-26T00:14:57Z,236,14770.87
AI9768,Kolkata,Hyderabad,2025-10-11T21:40:57Z,2025-10-12T02:27:57Z,171,5709.62
SG9024,Ahmedabad,Lucknow,2026-04-07T19:36:57Z,2026-04-08T04:56:57Z,121,5993.34
UK1773,Chennai,Mumbai,2025-11-29T12:23:57Z,2025-11-29T14:18:57Z,170,10520.54
6E8303,Guwahati,Jaipur,2026-05-30T02:09:57Z,2026-05-30T06:48:57Z,177,10039.38
6E8835,Kochi,Ahmedabad,2026-06-06T02:28:57Z,2026-06-06T10:42:57Z,176,2763.28
UK5060,Ahmedabad,Bangalore,2026-02-19T17:17:57Z,2026-02-20T02:06:57Z,242,5291.91
SG595,Delhi,Kolkata,2025-09-28T13:04:57Z,2025-09-28T17:38:57Z,233,7698.41
UK8409,Mumbai,Goa,2025-12-20T09:53:57Z,2025-12-20T15:30:57Z,142,13824.74
SG2958,Jaipur,Indore,2025-12-31T20:04:57Z,2026-01-01T00:21:57Z,250,7428.97
6E8902,Lucknow,Mumbai,2026-06-22T15:35:57Z,2026-06-22T17:02:57Z,126,12273.38
6E6879,Indore,Nagpur,2026-07-23T18:45:57Z,2026-07-23T22:56:57Z,245,11652.57
UK9451,Hyderabad,Pune,2025-10-27T15:47:57Z,2025-10-27T20:26:57Z,182,7853.1
G83609,Jaipur,Lucknow,2025-09-08T14:29:57Z,2025-09-08T20:26:57Z,165,2772.07
UK2836,Ahmedabad,Pune,2025-10-06T17:01:57Z,2025-10-07T03:06:57Z,249,5329.83
AI2741,Kochi,Pune,2026-05-17T13:16:57Z,2026-05-18T00:10:57Z,119,12557.19
SG7670,Bangalore,Jaipur,2026-04-12T15:43:57Z,2026-04-12T17:28:57Z,150,3355.32
AI624,Goa,Nagpur,2025-12-29T12:33:57Z,2025-12-29T20:50:57Z,197,14372.05
G83191,Kochi,Guwahati,2025-09-16T01:13:57Z,2025-09-16T05:55:57Z,225,11165.62
6E9169,Kolkata,Chennai,2026-02-22T07:55:57Z,2026-02-22T12:17:57Z,171,7245.4
AI9170,Mumbai,Jaipur,2026-03-21T23:47:57Z,2026-03-22T01:18:57Z,214,5059.76
SG2015,Kochi,Guwahati,2026-07-07T23:02:57Z,2026-07-08T04:12:57Z,220,2645.72
6E4700,Chennai,Ahmedabad,2026-06-01T16:23:57Z,2026-06-01T21:25:57Z,214,14286.08
SG5111,Mumbai,Lucknow,2025-10-27T03:55:57Z,2025-10-27T13:53:57Z,153,9408.42
SG149,Goa,Indore,2026-08-09T23:51:57Z,2026-08-10T10:00:57Z,161,3668.11
UK568,Delhi,Nagpur,2025-11-26T13:30:57Z,2025-11-26T20:04:57Z,185,13206.69
6E7890,Goa,Guwahati,2025-12-03T19:42:57Z,2025-12-03T23:00:57Z,112,13392.79
G82702,Hyderabad,Mumbai,2025-09-22T11:58:57Z,2025-09-22T13:34:57Z,219,10259.28
AI511,Chennai,Kolkata,2026-06-29T17:47:57Z,2026-06-29T23:22:57Z,130,13650.23
6E4031,Jaipur,Chennai,2026-07-17T03:07:57Z,2026-07-17T11:45:57Z,248,9179.25
AI6714,Guwahati,Indore,2026-05-02T09:13:57Z,2026-05-02T20:05:57Z,167,5446.71
AI6727,Kolkata,Ahmedabad,2026-01-11T03:23:57Z,2026-01-11T08:35:57Z,150,13180.8
UK3291,Lucknow,Bangalore,2026-06-25T21:45:57Z,2026-06-26T04:42:57Z,244,10948.22
AI8070,Mumbai,Indore,2026-01-02T18:19:57Z,2026-01-03T00:16:57Z,191,14074.38
UK824,Mumbai,Jaipur,2026-07-20T00:20:57Z,2026-07-20T10:22:57Z,165,3800.46
SG7127,Ahmedabad,Delhi,2026-02-22T14:50:57Z,2026-02-22T22:25:57Z,114,12911.7
G87386,Lucknow,Mumbai,2026-03-30T13:17:57Z,2026-03-30T23:43:57Z,184,4982.98
UK6017,Jaipur,Chennai,2025-12-23T16:12:57Z,2025-12-24T02:41:57Z,220,11831.16
AI3489,Nagpur,Chennai,2025-09-05T01:33:57Z,2025-09-05T08:18:57Z,131,2047.29
G84640,Bangalore,Pune,2025-08-27T16:41:57Z,2025-08-28T00:03:57Z,215,13717.05
6E4258,Kolkata,Ahmedabad,2026-02-17T18:48:57Z,2026-02-18T03:49:57Z,186,10509.12
AI9398,Mumbai,Nagpur,2026-01-03T01:10:57Z,2026-01-03T08:41:57Z,192,13055.3
SG8040,Jaipur,Ahmedabad,2026-08-06T23:17:57Z,2026-08-07T09:52:57Z,137,12160.34
6E2890,Bangalore,Jaipur,2025-10-21T02:54:57Z,2025-10-21T10:07:57Z,126,3506.28
AI7327,Goa,Bangalore,2026-03-31T12:39:57Z,2026-03-31T17:12:57Z,110,8009.36
6E1169,Lucknow,Chennai,2026-03-17T08:32:57Z,2026-03-17T11:53:57Z,176,12285.33
SG4073,Bangalore,Kolkata,2026-01-24T04:13:57Z,2026-01-24T11:32:57Z,239,3955.18
G88065,Nagpur,Kolkata,2026-03-01T23:14:57Z,2026-03-02T03:14:57Z,205,13495.24
AI9376,Kolkata,Pune,2026-02-10T23:58:57Z,2026-02-11T06:03:57Z,156,13940.14
UK1637,Delhi,Pune,2026-07-18T00:22:57Z,2026-07-18T03:08:57Z,128,10758.32
G82214,Pune,Kolkata,2025-09-28T18:40:57Z,2025-09-29T02:40:57Z,180,8644.89
UK223,Ahmedabad,Nagpur,2026-04-11T00:35:57Z,2026-04-11T10:54:57Z,147,14201.67
SG4220,Mumbai,Hyderabad,2025-10-02T01:18:57Z,2025-10-02T05:05:57Z,124,9955.96
UK3764,Ahmedabad,Pune,2025-09-28T16:01:57Z,2025-09-29T02:18:57Z,152,6762.86
AI3093,Goa,Mumbai,2026-06-07T05:11:57Z,2026-06-07T12:30:57Z,190,9611.23
G84857,Chennai,Mumbai,2026-01-28T12:59:57Z,2026-01-28T18:10:57Z,189,9168.13
AI996,Pune,Kolkata,2026-07-15T18:28:57Z,2026-07-15T21:40:57Z,241,2688.78
SG4907,Delhi,Kolkata,2026-01-27T22:17:57Z,2026-01-28T00:42:57Z,184,9808.02
AI322,Goa,Kochi,2025-08-19T17:16:57Z,2025-08-19T22:56:57Z,104,12415.0
AI6772,Kochi,Lucknow,2026-03-01T22:52:57Z,2026-03-02T06:07:57Z,169,3023.97
AI3110,Indore,Lucknow,2026-06-14T06:19:57Z,2026-06-14T12:48:57Z,141,14275.42
UK8710,Kolkata,Indore,2025-08-21T21:12:57Z,2025-08-21T22:20:57Z,101,3790.78
UK4732,Chennai,Mumbai,2026-07-30T21:25:57Z,2026-07-31T02:37:57Z,181,3883.59
6E5399,Nagpur,Ahmedabad,2026-01-06T23:32:57Z,2026-01-07T03:01:57Z,248,2132.1
UK5879,Goa,Mumbai,2026-02-27T19:53:57Z,2026-02-28T00:33:57Z,117,14554.54
SG1251,Pune,Kochi,2026-05-25T20:18:57Z,2026-05-25T22:19:57Z,242,7067.73
G81972,Ahmedabad,Hyderabad,2026-07-27T23:44:57Z,2026-07-28T09:33:57Z,168,6937.05
AI4155,Ahmedabad,Kolkata,2026-02-21T03:31:57Z,2026-02-21T11:31:57Z,224,9267.2
6E7862,Goa,Lucknow,2025-08-14T02:08:57Z,2025-08-14T05:57:57Z,143,3244.28
SG9307,Delhi,Goa,2025-12-12T12:32:57Z,2025-12-12T21:40:57Z,110,6762.91
G81567,Delhi,Pune,2025-09-24T09:40:57Z,2025-09-24T19:16:57Z,227,11495.51
SG6248,Kochi,Pune,2025-08-19T03:35:57Z,2025-08-19T12:47:57Z,208,12763.18
UK1773,Guwahati,Mumbai,2025-09-15T20:55:57Z,2025-09-16T02:08:57Z,103,8230.81
UK2905,Kolkata,Goa,2026-07-09T21:07:57Z,2026-07-10T03:43:57Z,127,12557.11
6E3379,Guwahati,Nagpur,2026-01-04T02:48:57Z,2026-01-04T08:59:57Z,219,6789.78
SG6372,Hyderabad,Mumbai,2026-07-14T17:37:57Z,2026-07-15T03:14:57Z,128,3904.94
AI1119,Kochi,Guwahati,2026-07-22T16:01:57Z,2026-07-22T20:22:57Z,233,5829.47
G81927,Goa,Chennai,2025-08-31T23:56:57Z,2025-09-01T07:10:57Z,183,14508.93
G82395,Ahmedabad,Guwahati,2026-07-30T00:20:57Z,2026-07-30T07:34:57Z,163,10634.49
UK3921,Mumbai,Delhi,2025-08-20T11:01:57Z,2025-08-20T15:22:57Z,111,13436.33
AI2833,Guwahati,Delhi,2026-06-17T04:42:57Z,2026-06-17T09:31:57Z,208,13651.31
UK536,Hyderabad,Jaipur,2026-07-29T06:15:57Z,2026-07-29T08:49:57Z,177,4106.26
6E1708,Bangalore,Pune,2025-08-30T04:07:57Z,2025-08-30T09:19:57Z,131,3764.78
UK4544,Nagpur,Chennai,2025-12-18T17:12:57Z,2025-12-19T01:18:57Z,244,5876.2
AI2326,Mumbai,Jaipur,2026-04-23T10:37:57Z,2026-04-23T19:53:57Z,112,12584.14
UK528,Pune,Lucknow,2025-11-06T05:42:57Z,2025-11-06T14:52:57Z,186,5748.72
UK1899,Kochi,Kolkata,2025-10-20T06:12:57Z,2025-10-20T12:35:57Z,141,7640.82
AI5145,Kochi,Ahmedabad,2026-04-13T10:33:57Z,2026-04-13T18:38:57Z,128,2082.32
SG8166,Indore,Guwahati,2026-06-30T07:41:57Z,2026-06-30T15:06:57Z,231,4868.28
AI6843,Nagpur,Goa,2026-01-18T13:39:57Z,2026-01-18T16:07:57Z,160,3381.27
G83758,Indore,Bangalore,2026-04-07T03:26:57Z,2026-04-07T08:08:57Z,118,3332.16
SG6579,Pune,Bangalore,2026-02-18T13:58:57Z,2026-02-18T22:45:57Z,150,2858.71
6E1668,Hyderabad,Jaipur,2025-09-25T07:21:57Z,2025-09-25T09:40:57Z,183,3365.94
AI4529,Delhi,Pune,2026-04-03T04:07:57Z,2026-04-03T08:11:57Z,179,12803.66
6E8043,Nagpur,Pune,2026-07-19T17:35:57Z,2026-07-20T00:34:57Z,178,14770.21
UK8687,Goa,Bangalore,2026-05-19T09:39:57Z,2026-05-19T12:52:57Z,141,6506.34
6E2179,Lucknow,Delhi,2026-04-20T10:39:57Z,2026-04-20T19:54:57Z,127,14812.34
AI7953,Hyderabad,Bangalore,2026-02-13T20:29:57Z,2026-02-14T05:36:57Z,158,14354.23
AI7738,Kolkata,Lucknow,2025-10-31T00:46:57Z,2025-10-31T09:32:57Z,174,6544.5
AI3715,Pune,Bangalore,2026-04-02T00:11:57Z,2026-04-02T11:08:57Z,236,9334.11
6E5472,Lucknow,Chennai,2025-10-24T22:28:57Z,2025-10-25T07:32:57Z,117,14404.11
6E8049,Hyderabad,Pune,2025-11-22T04:21:57Z,2025-11-22T12:07:57Z,219,6311.17
AI6368,Guwahati,Ahmedabad,2026-03-21T19:23:57Z,2026-03-22T04:54:57Z,186,9951.5
G88983,Delhi,Kochi,2025-11-19T16:34:57Z,2025-11-20T02:21:57Z,165,5321.5
SG9632,Jaipur,Nagpur,2025-10-30T02:40:57Z,2025-10-30T12:32:57Z,110,10396.41
6E515,Hyderabad,Chennai,2026-06-19T21:23:57Z,2026-06-20T00:10:57Z,101,12983.12
UK4709,Lucknow,Mumbai,2026-04-17T03:54:57Z,2026-04-17T10:16:57Z,213,9521.02
UK3705,Pune,Nagpur,2025-10-08T15:29:57Z,2025-10-08T18:31:57Z,200,13680.64
SG6803,Indore,Guwahati,2025-11-23T14:18:57Z,2025-11-23T15:20:57Z,140,7656.89
AI8997,Chennai,Ahmedabad,2026-03-17T21:48:57Z,2026-03-17T23:07:57Z,154,12734.49
AI792,Pune,Hyderabad,2025-09-21T10:54:57Z,2025-09-21T14:20:57Z,102,10405.02
6E1090,Indore,Goa,2026-03-28T11:02:57Z,2026-03-28T17:28:57Z,123,8863.41
G83760,Mumbai,Chennai,2026-05-20T02:16:57Z,2026-05-20T10:01:57Z,112,9890.06
6E676,Nagpur,Lucknow,2025-09-28T15:21:57Z,2025-09-28T19:15:57Z,143,14305.01
UK7857,Goa,Lucknow,2026-04-17T03:08:57Z,2026-04-17T11:09:57Z,108,5599.23
G88716,Guwahati,Chennai,2025-12-15T04:03:57Z,2025-12-15T14:08:57Z,156,6906.89
SG4250,Delhi,Chennai,2026-03-07T03:00:57Z,2026-03-07T05:16:57Z,100,12598.73
6E641,Pune,Guwahati,2026-03-21T00:58:57Z,2026-03-21T11:56:57Z,142,11695.01
SG576,Jaipur,Delhi,2025-09-02T17:50:57Z,2025-09-03T01:56:57Z,168,14836.55
SG2717,Mumbai,Kochi,2026-01-20T05:48:57Z,2026-01-20T08:21:57Z,216,11717.17
G85204,Hyderabad,Mumbai,2026-02-09T15:06:57Z,2026-02-09T23:59:57Z,235,10580.26
6E2328,Kochi,Ahmedabad,2026-04-20T12:13:57Z,2026-04-20T22:26:57Z,185,11666.52
AI1260,Kochi,Indore,2025-10-12T22:00:57Z,2025-10-13T07:38:57Z,110,9085.01
SG5658,Bangalore,Delhi,2025-09-02T17:55:57Z,2025-09-02T21:44:57Z,217,8954.59
AI8547,Kolkata,Jaipur,2026-03-23T23:38:57Z,2026-03-24T08:10:57Z,208,2326.11
UK6013,Jaipur,Bangalore,2025-12-22T08:58:57Z,2025-12-22T19:09:57Z,188,4881.7
SG4518,Indore,Goa,2026-04-21T17:06:57Z,2026-04-22T01:28:57Z,233,8259.81
UK8473,Jaipur,Guwahati,2026-03-04T05:39:57Z,2026-03-04T10:52:57Z,193,13404.84
SG2636,Kochi,Nagpur,2025-10-13T20:43:57Z,2025-10-14T06:17:57Z,214,10101.11
6E1378,Indore,Chennai,2026-07-01T12:29:57Z,2026-07-01T22:55:57Z,186,6978.56
G85912,Indore,Bangalore,2026-04-19T00:49:57Z,2026-04-19T05:16:57Z,134,12469.3
SG3837,Jaipur,Ahmedabad,2026-03-02T12:31:57Z,2026-03-02T14:27:57Z,179,9631.79
G86758,Mumbai,Delhi,2026-06-10T07:44:57Z,2026-06-10T16:25:57Z,124,10713.2
UK3604,Nagpur,Goa,2026-05-21T04:11:57Z,2026-05-21T06:09:57Z,223,4156.21
G84360,Delhi,Lucknow,2026-03-31T19:19:57Z,2026-04-01T02:53:57Z,103,5854.78
G84254,Lucknow,Goa,2025-09-30T10:39:57Z,2025-09-30T20:36:57Z,170,9127.32
G89007,Indore,Chennai,2026-05-15T00:36:57Z,2026-05-15T11:15:57Z,245,6717.32
SG2536,Jaipur,Lucknow,2026-03-28T15:50:57Z,2026-03-28T22:51:57Z,163,13850.31
6E8282,Hyderabad,Kochi,2025-10-05T03:14:57Z,2025-10-05T09:41:57Z,201,3505.2
AI1925,Lucknow,Delhi,2025-10-15T21:40:57Z,2025-10-16T01:47:57Z,135,13683.12
SG9848,Bangalore,Delhi,2026-06-11T10:55:57Z,2026-06-11T14:11:57Z,205,6124.09
AI6682,Ahmedabad,Pune,2026-01-04T07:27:57Z,2026-01-04T13:18:57Z,189,9842.85
G8589,Mumbai,Jaipur,2026-01-17T03:44:57Z,2026-01-17T10:24:57Z,131,13089.03
6E413,Kochi,Nagpur,2026-02-26T22:05:57Z,2026-02-27T02:54:57Z,147,2798.63
SG1807,Goa,Jaipur,2026-07-03T06:11:57Z,2026-07-03T10:35:57Z,214,2787.73
G86229,Pune,Bangalore,2026-07-07T21:34:57Z,2026-07-08T07:37:57Z,195,5605.16
AI6366,Chennai,Delhi,2026-06-12T22:53:57Z,2026-06-13T01:08:57Z,217,2752.2
UK7883,Guwahati,Ahmedabad,2025-12-12T21:39:57Z,2025-12-13T08:18:57Z,112,14637.59
6E4563,Delhi,Pune,2026-05-31T09:25:57Z,2026-05-31T19:13:57Z,105,14299.85
SG2235,Lucknow,Hyderabad,2026-02-22T03:24:57Z,2026-02-22T06:10:57Z,150,12937.05
UK2927,Goa,Jaipur,2026-05-28T21:39:57Z,2026-05-29T06:22:57Z,233,13561.72
UK7196,Kochi,Guwahati,2026-02-08T06:26:57Z,2026-02-08T09:30:57Z,234,7687.55
UK8010,Ahmedabad,Pune,2025-08-22T21:08:57Z,2025-08-23T07:53:57Z,110,12199.63
UK4571,Jaipur,Bangalore,2026-05-09T01:39:57Z,2026-05-09T08:15:57Z,148,14772.54
SG1534,Kochi,Hyderabad,2026-01-11T09:43:57Z,2026-01-11T19:28:57Z,109,7642.45
SG2435,Mumbai,Pune,2025-12-24T14:36:57Z,2025-12-24T15:40:57Z,200,2349.9
SG4874,Delhi,Ahmedabad,2025-09-26T22:32:57Z,2025-09-27T07:33:57Z,220,10149.19
UK5792,Kochi,Goa,2026-06-22T03:19:57Z,2026-06-22T13:27:57Z,125,10338.62
6E7762,Pune,Delhi,2025-11-02T12:35:57Z,2025-11-02T19:56:57Z,138,2799.71
6E2191,Delhi,Goa,2026-01-18T08:20:57Z,2026-01-18T12:20:57Z,181,3185.41
G89462,Ahmedabad,Delhi,2025-12-28T12:49:57Z,2025-12-28T23:39:57Z,165,3459.94
6E261,Indore,Lucknow,2026-06-25T23:02:57Z,2026-06-26T09:15:57Z,192,4530.62
G85733,Hyderabad,Chennai,2025-08-14T12:05:57Z,2025-08-14T14:00:57Z,234,13229.43
6E2311,Mumbai,Bangalore,2026-07-17T19:42:57Z,2026-07-18T00:47:57Z,162,5435.16
SG9239,Mumbai,Chennai,2025-08-17T04:20:57Z,2025-08-17T10:43:57Z,155,11288.4
6E163,Ahmedabad,Bangalore,2025-11-09T02:01:57Z,2025-11-09T04:00:57Z,139,3712.92
UK1876,Kochi,Chennai,2026-01-08T08:29:57Z,2026-01-08T17:27:57Z,244,9644.56
SG7648,Goa,Kolkata,2025-10-04T11:23:57Z,2025-10-04T13:35:57Z,172,2536.27
AI2166,Hyderabad,Jaipur,2025-09-23T02:29:57Z,2025-09-23T05:41:57Z,169,11721.24
6E4359,Mumbai,Ahmedabad,2026-07-06T22:24:57Z,2026-07-07T02:41:57Z,150,13420.23
G81379,Hyderabad,Chennai,2025-08-30T18:38:57Z,2025-08-31T03:18:57Z,157,2317.62
SG7522,Bangalore,Chennai,2026-07-18T04:21:57Z,2026-07-18T06:20:57Z,161,12184.55
G87968,Lucknow,Mumbai,2026-03-18T14:17:57Z,2026-03-18T16:53:57Z,141,4926.35
SG6364,Jaipur,Nagpur,2026-01-03T14:23:57Z,2026-01-03T17:30:57Z,245,7881.74
6E5973,Indore,Goa,2025-10-21T08:25:57Z,2025-10-21T19:22:57Z,183,8789.66
G8598,Lucknow,Mumbai,2026-07-09T08:53:57Z,2026-07-09T10:39:57Z,199,3604.64
SG8280,Guwahati,Delhi,2025-09-30T23:36:57Z,2025-10-01T03:16:57Z,140,9858.78
AI4077,Kochi,Mumbai,2025-08-15T05:49:57Z,2025-08-15T12:08:57Z,161,14590.73
G88847,Ahmedabad,Guwahati,2025-11-14T06:36:57Z,2025-11-14T16:18:57Z,220,7236.54
G85209,Goa,Delhi,2025-11-12T03:21:57Z,2025-11-12T12:55:57Z,180,13709.89
SG1553,Kolkata,Indore,2026-01-21T17:10:57Z,2026-01-22T03:08:57Z,107,13202.43
G83597,Chennai,Ahmedabad,2026-07-18T17:14:57Z,2026-07-18T23:41:57Z,130,13402.69
G81973,Kochi,Mumbai,2025-12-24T13:01:57Z,2025-12-24T20:46:57Z,216,13577.9
SG4427,Kochi,Lucknow,2025-08-14T04:13:57Z,2025-08-14T14:19:57Z,223,14289.52
G81650,Nagpur,Indore,2025-11-16T00:40:57Z,2025-11-16T06:48:57Z,173,9911.6
UK446,Indore,Hyderabad,2026-03-06T16:13:57Z,2026-03-06T20:49:57Z,136,8272.88
AI8348,Ahmedabad,Goa,2025-12-17T18:29:57Z,2025-12-17T20:27:57Z,208,3766.6
G81758,Pune,Kolkata,2026-03-15T23:16:57Z,2026-03-16T05:26:57Z,247,2058.27
6E3734,Indore,Hyderabad,2026-04-05T02:25:57Z,2026-04-05T12:40:57Z,230,5023.83
AI6478,Chennai,Nagpur,2026-01-07T05:12:57Z,2026-01-07T09:09:57Z,229,2955.79
AI5472,Ahmedabad,Goa,2026-06-07T16:53:57Z,2026-06-07T19:53:57Z,121,3261.46
AI6195,Guwahati,Jaipur,2026-07-19T21:48:57Z,2026-07-20T08:16:57Z,155,7512.73
SG9396,Indore,Guwahati,2025-11-24T04:39:57Z,2025-11-24T08:11:57Z,175,6423.8
SG3722,Mumbai,Kochi,2026-04-02T08:08:57Z,2026-04-02T13:09:57Z,243,13669.74
6E8199,Ahmedabad,Bangalore,2026-04-15T08:37:57Z,2026-04-15T14:18:57Z,226,5614.82
UK7516,Chennai,Indore,2025-10-07T00:44:57Z,2025-10-07T08:31:57Z,244,12358.53
G83238,Chennai,Goa,2025-09-27T16:56:57Z,2025-09-28T00:08:57Z,130,3999.48
6E7244,Kolkata,Nagpur,2026-04-08T16:38:57Z,2026-04-09T00:45:57Z,123,12152.13
UK8523,Jaipur,Kochi,2026-06-14T19:41:57Z,2026-06-15T03:45:57Z,208,9370.39
AI7981,Delhi,Nagpur,2025-08-25T06:25:57Z,2025-08-25T15:48:57Z,193,6994.31
G81569,Bangalore,Pune,2026-05-01T21:08:57Z,2026-05-01T23:19:57Z,226,8283.69
AI1513,Kochi,Lucknow,2026-05-13T01:42:57Z,2026-05-13T09:41:57Z,121,12198.4
6E9184,Indore,Kochi,2026-07-09T00:14:57Z,2026-07-09T01:25:57Z,193,6690.41
SG1194,Chennai,Hyderabad,2025-09-03T17:36:57Z,2025-09-04T01:37:57Z,188,7965.41
UK2791,Mumbai,Indore,2026-05-31T22:20:57Z,2026-06-01T07:04:57Z,162,3137.82
6E9644,Nagpur,Bangalore,2026-07-25T13:14:57Z,2026-07-25T23:00:57Z,124,6342.91
AI9876,Bangalore,Mumbai,2026-01-30T10:11:57Z,2026-01-30T14:20:57Z,159,3539.14
6E9639,Ahmedabad,Guwahati,2026-04-21T00:34:57Z,2026-04-21T03:50:57Z,106,13801.32
6E1627,Guwahati,Kochi,2026-07-21T20:49:57Z,2026-07-22T06:49:57Z,168,13125.53
UK8808,Pune,Jaipur,2025-11-02T04:45:57Z,2025-11-02T12:33:57Z,175,14766.26
SG7984,Goa,Jaipur,2025-10-04T22:01:57Z,2025-10-05T01:32:57Z,233,10051.46
6E5951,Delhi,Kochi,2026-07-14T21:40:57Z,2026-07-15T05:52:57Z,106,6234.31
AI6649,Hyderabad,Jaipur,2026-03-31T06:14:57Z,2026-03-31T09:54:57Z,211,8450.07
AI1714,Goa,Kolkata,2025-12-18T07:07:57Z,2025-12-18T09:03:57Z,208,5253.43
UK6408,Hyderabad,Goa,2025-12-12T07:49:57Z,2025-12-12T14:04:57Z,225,5073.86
G81175,Jaipur,Delhi,2026-02-25T05:30:57Z,2026-02-25T14:06:57Z,117,8487.0
SG8940,Hyderabad,Guwahati,2026-03-26T04:04:57Z,2026-03-26T12:16:57Z,189,8898.98
AI9242,Indore,Hyderabad,2025-10-03T04:28:57Z,2025-10-03T10:27:57Z,219,6009.51
6E7920,Chennai,Kochi,2026-05-25T10:12:57Z,2026-05-25T12:22:57Z,223,10072.4
SG2608,Guwahati,Nagpur,2026-03-22T03:07:57Z,2026-03-22T13:00:57Z,244,8225.8
UK281,Indore,Pune,2026-01-06T08:26:57Z,2026-01-06T11:22:57Z,243,2764.93
6E8137,Pune,Kochi,2026-06-06T22:30:57Z,2026-06-07T09:02:57Z,187,3560.58
SG6312,Mumbai,Delhi,2025-12-10T19:11:57Z,2025-12-11T02:23:57Z,105,4993.39
G87461,Jaipur,Mumbai,2026-04-09T22:20:57Z,2026-04-10T07:24:57Z,151,4716.55
UK5640,Chennai,Hyderabad,2025-10-16T21:13:57Z,2025-10-17T04:06:57Z,250,8949.58
AI8818,Guwahati,Kolkata,2026-01-15T07:37:57Z,2026-01-15T15:07:57Z,128,4758.77
UK7104,Jaipur,Kochi,2026-06-16T02:31:57Z,2026-06-16T10:24:57Z,209,13612.63
SG1853,Ahmedabad,Chennai,2026-05-01T22:12:57Z,2026-05-02T06:41:57Z,236,8874.63
G87867,Jaipur,Ahmedabad,2026-04-23T20:15:57Z,2026-04-24T06:12:57Z,210,12345.59
SG2660,Jaipur,Kochi,2026-03-10T10:36:57Z,2026-03-10T14:18:57Z,135,11236.01
G83017,Pune,Hyderabad,2025-12-30T10:18:57Z,2025-12-30T13:42:57Z,196,2721.04
6E2146,Bangalore,Hyderabad,2026-07-02T22:20:57Z,2026-07-03T01:20:57Z,191,14592.69
6E4965,Jaipur,Mumbai,2026-01-02T08:28:57Z,2026-01-02T17:10:57Z,194,3517.27
UK6811,Lucknow,Guwahati,2026-07-18T20:52:57Z,2026-07-18T22:33:57Z,220,12314.08
AI5043,Guwahati,Ahmedabad,2026-04-08T00:04:57Z,2026-04-08T03:22:57Z,144,11854.96
6E9186,Bangalore,Goa,2025-08-11T06:24:57Z,2025-08-11T17:10:57Z,145,7477.73
AI3423,Lucknow,Kochi,2026-01-24T12:13:57Z,2026-01-24T15:35:57Z,232,4971.13
6E3101,Goa,Bangalore,2025-10-20T20:56:57Z,2025-10-21T05:06:57Z,136,4476.21
G88784,Kolkata,Ahmedabad,2026-02-12T09:01:57Z,2026-02-12T14:15:57Z,150,9508.42
AI8240,Kochi,Ahmedabad,2026-04-13T17:16:57Z,2026-04-14T04:09:57Z,104,2295.59
AI2742,Lucknow,Indore,2026-02-28T17:37:57Z,2026-03-01T02:31:57Z,112,8341.86
SG4227,Goa,Mumbai,2026-01-02T10:07:57Z,2026-01-02T15:55:57Z,248,12784.15
SG6643,Guwahati,Hyderabad,2026-05-04T06:11:57Z,2026-05-04T16:21:57Z,168,14945.06
6E7912,Ahmedabad,Delhi,2025-12-11T21:39:57Z,2025-12-12T04:37:57Z,145,8017.47
G87939,Pune,Ahmedabad,2025-08-11T06:44:57Z,2025-08-11T17:24:57Z,151,11220.22
UK7652,Goa,Jaipur,2025-12-14T02:33:57Z,2025-12-14T08:56:57Z,198,12157.74
G84818,Pune,Lucknow,2026-06-02T01:12:57Z,2026-06-02T06:03:57Z,135,13810.49
SG5825,Goa,Bangalore,2025-12-20T14:31:57Z,2025-12-20T20:31:57Z,162,10653.98
6E1330,Hyderabad,Mumbai,2026-05-14T00:46:57Z,2026-05-14T08:01:57Z,215,5190.31
G89326,Ahmedabad,Chennai,2026-05-04T17:56:57Z,2026-05-05T01:38:57Z,121,5412.94
UK1180,Kolkata,Nagpur,2025-08-21T19:00:57Z,2025-08-21T23:02:57Z,203,6860.21
AI4209,Guwahati,Kochi,2026-04-18T06:23:57Z,2026-04-18T16:01:57Z,167,9954.41
UK7652,Kochi,Hyderabad,2025-10-08T10:43:57Z,2025-10-08T13:15:57Z,174,2067.45
AI4703,Nagpur,Kochi,2025-08-15T20:56:57Z,2025-08-16T07:10:57Z,197,7214.67
6E9147,Guwahati,Delhi,2026-07-11T01:51:57Z,2026-07-11T04:57:57Z,112,8490.45
UK3358,Chennai,Kolkata,2025-09-07T08:38:57Z,2025-09-07T12:03:57Z,144,12788.53
SG2866,Kolkata,Kochi,2026-02-23T01:39:57Z,2026-02-23T07:42:57Z,173,12263.52
G89597,Kochi,Lucknow,2026-03-04T01:15:57Z,2026-03-04T03:52:57Z,119,11040.24
AI9475,Kolkata,Bangalore,2026-03-27T08:37:57Z,2026-03-27T10:42:57Z,210,5259.79
SG5909,Hyderabad,Goa,2025-09-02T16:18:57Z,2025-09-02T19:26:57Z,171,14355.97
SG7185,Nagpur,Kochi,2026-06-15T16:28:57Z,2026-06-15T18:11:57Z,139,6321.86
AI4620,Indore,Chennai,2026-04-18T20:32:57Z,2026-04-19T01:05:57Z,197,2435.31
G85039,Guwahati,Chennai,2025-11-10T09:00:57Z,2025-11-10T11:10:57Z,146,10643.83
SG8760,Delhi,Kolkata,2025-09-19T21:38:57Z,2025-09-20T07:23:57Z,224,5497.35
G8494,Guwahati,Bangalore,2025-11-26T13:04:57Z,2025-11-26T20:08:57Z,235,9323.52
G84830,Guwahati,Kochi,2026-06-01T09:48:57Z,2026-06-01T16:31:57Z,212,12629.72
AI9013,Kolkata,Kochi,2026-05-03T09:54:57Z,2026-05-03T18:15:57Z,113,12241.48
AI1366,Ahmedabad,Delhi,2025-12-20T23:52:57Z,2025-12-21T01:33:57Z,190,14209.08
SG8427,Nagpur,Hyderabad,2026-05-02T00:28:57Z,2026-05-02T11:03:57Z,124,12388.64
SG5248,Lucknow,Mumbai,2025-11-23T07:06:57Z,2025-11-23T12:14:57Z,231,2881.89
G81662,Bangalore,Ahmedabad,2026-07-21T09:33:57Z,2026-07-21T14:44:57Z,117,8419.92
UK3257,Kolkata,Nagpur,2026-05-29T16:00:57Z,2026-05-29T20:15:57Z,192,14847.13
AI8143,Nagpur,Goa,2026-03-11T00:22:57Z,2026-03-11T01:40:57Z,175,13898.65
SG9776,Chennai,Ahmedabad,2026-08-09T15:15:57Z,2026-08-09T23:15:57Z,115,4452.41
G82193,Goa,Mumbai,2025-09-16T15:40:57Z,2025-09-16T20:26:57Z,187,7300.17
UK5489,Kolkata,Ahmedabad,2025-10-11T19:29:57Z,2025-10-12T02:55:57Z,164,4928.61
SG7597,Nagpur,Mumbai,2025-09-06T01:11:57Z,2025-09-06T02:15:57Z,235,6105.5
G8135,Kochi,Lucknow,2025-09-13T18:00:57Z,2025-09-14T03:00:57Z,241,8142.42
UK2379,Kochi,Delhi,2025-10-07T18:36:57Z,2025-10-08T03:22:57Z,158,5551.75
G89624,Pune,Lucknow,2026-04-23T12:09:57Z,2026-04-23T18:07:57Z,163,7131.77
SG6056,Jaipur,Indore,2026-03-18T10:48:57Z,2026-03-18T13:10:57Z,182,5026.07
UK1990,Ahmedabad,Delhi,2025-09-27T08:16:57Z,2025-09-27T14:39:57Z,205,2567.16
UK2078,Pune,Mumbai,2026-07-25T14:31:57Z,2026-07-25T19:16:57Z,201,14865.72
SG6304,Kochi,Pune,2026-02-10T03:11:57Z,2026-02-10T13:57:57Z,228,2490.71
UK9395,Nagpur,Delhi,2026-05-20T06:51:57Z,2026-05-20T09:46:57Z,247,3462.16
G82034,Pune,Chennai,2026-07-28T05:00:57Z,2026-07-28T14:37:57Z,118,5059.74
G82307,Chennai,Hyderabad,2026-02-02T20:23:57Z,2026-02-02T23:33:57Z,142,7163.89
UK6102,Jaipur,Pune,2026-07-06T06:26:57Z,2026-07-06T11:30:57Z,123,6307.2
6E4486,Delhi,Hyderabad,2025-10-20T11:29:57Z,2025-10-20T13:36:57Z,205,9830.94
AI3590,Jaipur,Delhi,2025-09-15T07:58:57Z,2025-09-15T10:00:57Z,103,10021.64
G83907,Ahmedabad,Hyderabad,2026-06-20T10:13:57Z,2026-06-20T18:56:57Z,104,14330.9
AI3461,Bangalore,Guwahati,2025-10-30T16:15:57Z,2025-10-30T22:22:57Z,215,11835.08
AI259,Indore,Kolkata,2026-05-11T04:29:57Z,2026-05-11T07:05:57Z,218,3385.48
G81894,Mumbai,Pune,2026-04-14T21:06:57Z,2026-04-15T07:59:57Z,148,3540.69
UK4370,Delhi,Pune,2025-12-05T19:10:57Z,2025-12-06T02:46:57Z,220,12093.75
6E1580,Guwahati,Mumbai,2026-01-31T22:33:57Z,2026-02-01T09:30:57Z,116,10032.82
AI5328,Chennai,Jaipur,2025-08-17T21:26:57Z,2025-08-18T00:42:57Z,180,11815.37
AI2343,Hyderabad,Kochi,2026-04-25T09:27:57Z,2026-04-25T16:09:57Z,232,14893.7
UK9808,Hyderabad,Lucknow,2026-02-16T17:52:57Z,2026-02-16T23:38:57Z,175,7524.56
G81594,Kolkata,Bangalore,2026-05-28T04:29:57Z,2026-05-28T10:59:57Z,176,11245.64
G8206,Kolkata,Lucknow,2026-02-10T20:19:57Z,2026-02-11T04:28:57Z,197,8345.53
6E3625,Kolkata,Indore,2025-11-16T13:59:57Z,2025-11-16T18:23:57Z,214,13437.34
SG5786,Jaipur,Pune,2026-04-15T06:37:57Z,2026-04-15T13:49:57Z,116,13356.6
SG2163,Indore,Hyderabad,2025-11-09T12:57:57Z,2025-11-09T17:30:57Z,125,10429.49
AI2235,Guwahati,Hyderabad,2026-02-20T02:21:57Z,2026-02-20T12:52:57Z,101,10543.14
SG594,Bangalore,Ahmedabad,2025-12-20T04:51:57Z,2025-12-20T10:56:57Z,231,7392.12
SG1200,Pune,Hyderabad,2026-03-29T03:20:57Z,2026-03-29T09:16:57Z,174,11299.93
AI5326,Ahmedabad,Pune,2026-05-21T05:07:57Z,2026-05-21T09:37:57Z,155,13969.71
G81082,Chennai,Delhi,2026-03-10T15:03:57Z,2026-03-10T22:26:57Z,197,12792.45
6E6814,Guwahati,Goa,2025-08-14T22:37:57Z,2025-08-15T06:14:57Z,157,6805.73
SG2801,Jaipur,Hyderabad,2026-02-21T08:12:57Z,2026-02-21T10:56:57Z,177,4349.61
6E2073,Bangalore,Kochi,2025-11-25T21:00:57Z,2025-11-26T03:14:57Z,169,10763.41
AI9739,Hyderabad,Ahmedabad,2026-03-24T11:10:57Z,2026-03-24T21:59:57Z,146,2698.42
AI5347,Kochi,Delhi,2025-11-15T20:16:57Z,2025-11-16T05:07:57Z,201,2648.87
AI7917,Chennai,Delhi,2025-09-01T16:13:57Z,2025-09-02T01:31:57Z,131,7092.38
6E9429,Indore,Guwahati,2026-06-29T01:54:57Z,2026-06-29T08:20:57Z,179,3451.16
UK5025,Bangalore,Indore,2026-02-04T18:03:57Z,2026-02-05T04:04:57Z,113,13666.08
6E5690,Kochi,Bangalore,2026-06-17T05:14:57Z,2026-06-17T10:05:57Z,170,12839.5
G86660,Kolkata,Jaipur,2026-06-03T23:24:57Z,2026-06-04T07:25:57Z,124,10109.79
AI3934,Goa,Jaipur,2026-01-29T13:09:57Z,2026-01-29T15:14:57Z,228,5454.6
6E2352,Lucknow,Nagpur,2026-01-25T20:10:57Z,2026-01-26T01:38:57Z,124,9952.93
SG7472,Ahmedabad,Nagpur,2026-07-13T08:16:57Z,2026-07-13T14:50:57Z,157,3646.6
SG402,Kochi,Kolkata,2026-07-31T19:17:57Z,2026-08-01T03:03:57Z,218,9849.41
UK2113,Bangalore,Nagpur,2026-05-24T23:11:57Z,2026-05-25T05:12:57Z,186,7234.07
SG4359,Hyderabad,Kochi,2026-01-19T13:15:57Z,2026-01-19T21:39:57Z,215,11761.24
SG9197,Chennai,Pune,2025-10-13T08:46:57Z,2025-10-13T12:31:57Z,241,8059.89
UK4645,Goa,Pune,2026-04-18T08:39:57Z,2026-04-18T15:03:57Z,166,7775.0
SG9029,Ahmedabad,Goa,2026-03-17T13:43:57Z,2026-03-17T21:35:57Z,219,12338.8
G88686,Jaipur,Lucknow,2025-09-23T21:36:57Z,2025-09-24T05:30:57Z,184,6066.1
6E7756,Kochi,Guwahati,2025-11-05T02:10:57Z,2025-11-05T09:17:57Z,244,14489.45
G87496,Kolkata,Pune,2025-11-08T13:56:57Z,2025-11-08T20:14:57Z,232,12032.3
6E1785,Kolkata,Pune,2026-02-24T17:18:57Z,2026-02-24T23:53:57Z,118,2269.44
SG3398,Pune,Goa,2025-12-23T03:28:57Z,2025-12-23T05:27:57Z,187,4707.69
AI4448,Lucknow,Guwahati,2026-03-15T11:59:57Z,2026-03-15T15:29:57Z,137,5314.13
6E5650,Jaipur,Delhi,2025-09-02T16:25:57Z,2025-09-03T01:30:57Z,155,7697.65
UK2602,Jaipur,Indore,2026-07-16T21:03:57Z,2026-07-17T00:47:57Z,138,5571.96
UK8647,Jaipur,Kolkata,2026-07-06T14:48:57Z,2026-07-07T01:36:57Z,142,9792.57
AI9880,Pune,Chennai,2026-05-17T06:50:57Z,2026-05-17T13:03:57Z,155,3845.5
6E1246,Pune,Jaipur,2026-02-22T22:26:57Z,2026-02-23T02:06:57Z,109,5123.16
UK6081,Goa,Delhi,2025-10-05T05:25:57Z,2025-10-05T08:07:57Z,183,11266.63
SG9434,Jaipur,Chennai,2025-12-13T07:55:57Z,2025-12-13T16:38:57Z,149,13262.75
UK4256,Goa,Guwahati,2026-02-27T17:04:57Z,2026-02-27T21:02:57Z,147,13372.55
SG4767,Goa,Bangalore,2025-09-15T23:40:57Z,2025-09-16T01:48:57Z,195,11844.98
SG2336,Guwahati,Lucknow,2025-09-25T06:43:57Z,2025-09-25T12:28:57Z,230,2757.43
UK1122,Nagpur,Kochi,2025-08-23T08:34:57Z,2025-08-23T15:42:57Z,198,4707.0
UK9833,Hyderabad,Guwahati,2025-11-14T12:23:57Z,2025-11-14T17:55:57Z,204,5008.69
6E5661,Kolkata,Mumbai,2026-01-01T01:48:57Z,2026-01-01T05:24:57Z,235,14529.96
AI8379,Bangalore,Pune,2025-09-06T13:32:57Z,2025-09-06T20:12:57Z,229,11617.48
SG673,Guwahati,Nagpur,2025-11-04T00:11:57Z,2025-11-04T06:05:57Z,106,6677.45
SG5705,Bangalore,Goa,2026-02-20T20:42:57Z,2026-02-20T23:25:57Z,239,2686.78
G88280,Delhi,Kochi,2026-02-10T21:46:57Z,2026-02-11T03:13:57Z,155,7416.42
G83606,Indore,Delhi,2026-04-11T03:32:57Z,2026-04-11T06:34:57Z,246,9148.66
UK938,Chennai,Bangalore,2026-01-10T06:21:57Z,2026-01-10T14:59:57Z,131,13746.25
G89531,Mumbai,Ahmedabad,2026-01-12T20:46:57Z,2026-01-13T05:11:57Z,221,2688.21
G86402,Kochi,Nagpur,2025-08-18T17:26:57Z,2025-08-19T04:16:57Z,158,7754.16
6E7910,Kochi,Pune,2025-12-27T11:33:57Z,2025-12-27T17:09:57Z,210,14612.83
6E5332,Delhi,Jaipur,2025-12-27T16:47:57Z,2025-12-28T00:26:57Z,174,2329.52
6E1490,Kolkata,Ahmedabad,2025-12-09T06:46:57Z,2025-12-09T10:22:57Z,170,4422.04
UK1364,Indore,Bangalore,2026-02-17T14:25:57Z,2026-02-17T19:29:57Z,231,3305.7
UK2685,Nagpur,Ahmedabad,2026-01-21T17:57:57Z,2026-01-22T01:42:57Z,120,3780.32
AI7938,Bangalore,Nagpur,2025-11-06T18:08:57Z,2025-11-07T02:58:57Z,100,9693.27
G83828,Lucknow,Pune,2025-09-27T05:12:57Z,2025-09-27T11:31:57Z,157,11893.3
SG502,Guwahati,Kolkata,2026-07-15T22:08:57Z,2026-07-16T00:09:57Z,233,11652.43
AI9204,Mumbai,Hyderabad,2026-01-03T06:49:57Z,2026-01-03T08:32:57Z,224,6198.92
G83090,Mumbai,Bangalore,2026-06-26T23:51:57Z,2026-06-27T01:23:57Z,219,11559.05
UK923,Nagpur,Hyderabad,2025-11-30T11:53:57Z,2025-11-30T15:39:57Z,114,4088.08
SG2100,Chennai,Goa,2026-06-11T06:33:57Z,2026-06-11T07:44:57Z,207,13270.33
UK7797,Delhi,Goa,2026-08-07T21:55:57Z,2026-08-08T08:16:57Z,198,7875.72
6E7725,Jaipur,Indore,2026-01-29T22:17:57Z,2026-01-30T03:20:57Z,138,3018.41
AI4047,Chennai,Guwahati,2025-12-24T02:00:57Z,2025-12-24T03:35:57Z,120,8321.37
G81388,Chennai,Kolkata,2026-07-05T22:31:57Z,2026-07-06T06:26:57Z,169,10710.77
UK4376,Indore,Bangalore,2026-03-09T04:19:57Z,2026-03-09T09:53:57Z,138,7195.39
6E2697,Indore,Goa,2026-02-26T18:51:57Z,2026-02-27T01:01:57Z,179,12511.39
AI5581,Nagpur,Indore,2026-07-23T02:10:57Z,2026-07-23T06:07:57Z,217,8531.05
6E1391,Guwahati,Pune,2026-03-11T21:50:57Z,2026-03-12T02:06:57Z,122,3008.37
6E5331,Indore,Bangalore,2026-04-25T21:44:57Z,2026-04-26T01:12:57Z,156,14883.06
SG9666,Hyderabad,Ahmedabad,2026-01-13T16:05:57Z,2026-01-13T18:45:57Z,139,5542.55
G85563,Chennai,Bangalore,2025-09-16T07:51:57Z,2025-09-16T11:21:57Z,199,7837.99
G87658,Delhi,Hyderabad,2026-02-12T16:00:57Z,2026-02-12T19:48:57Z,171,10869.7
6E4004,Nagpur,Chennai,2026-04-19T22:09:57Z,2026-04-20T07:52:57Z,172,14758.15
SG816,Kolkata,Bangalore,2025-11-14T15:49:57Z,2025-11-14T19:02:57Z,245,5406.5
UK823,Lucknow,Delhi,2025-12-17T12:24:57Z,2025-12-17T22:27:57Z,243,4195.41
UK6117,Kolkata,Kochi,2026-07-25T18:16:57Z,2026-07-26T04:22:57Z,229,9345.66
UK6038,Jaipur,Kochi,2026-04-28T02:30:57Z,2026-04-28T09:51:57Z,171,6157.68
AI6696,Nagpur,Jaipur,2026-07-14T09:31:57Z,2026-07-14T17:15:57Z,153,5353.67
SG4883,Ahmedabad,Jaipur,2026-04-09T07:22:57Z,2026-04-09T18:15:57Z,190,3756.79
SG1257,Delhi,Guwahati,2025-09-17T09:51:57Z,2025-09-17T19:02:57Z,174,5835.92
UK5132,Ahmedabad,Delhi,2025-11-26T04:05:57Z,2025-11-26T07:16:57Z,172,14519.77
SG3463,Guwahati,Mumbai,2026-07-12T08:50:57Z,2026-07-12T18:14:57Z,210,13655.74
6E8466,Mumbai,Kolkata,2026-01-18T11:41:57Z,2026-01-18T21:57:57Z,238,7813.23
UK189,Guwahati,Hyderabad,2025-11-09T05:43:57Z,2025-11-09T06:58:57Z,203,2100.15
6E2767,Indore,Kochi,2026-06-30T14:48:57Z,2026-06-30T22:52:57Z,153,12969.69
6E1688,Jaipur,Pune,2026-07-16T07:36:57Z,2026-07-16T13:38:57Z,231,8306.56
SG5809,Delhi,Nagpur,2025-11-29T13:31:57Z,2025-11-29T22:02:57Z,126,5534.05
6E1372,Goa,Jaipur,2025-08-24T21:10:57Z,2025-08-25T02:14:57Z,220,2084.35
6E4871,Bangalore,Pune,2026-02-01T19:41:57Z,2026-02-02T06:22:57Z,218,4856.9
G82013,Jaipur,Pune,2026-05-02T12:16:57Z,2026-05-02T20:38:57Z,103,7623.91
G83298,Lucknow,Pune,2026-03-09T22:08:57Z,2026-03-10T04:07:57Z,170,5701.82
UK2221,Indore,Guwahati,2025-10-19T21:50:57Z,2025-10-20T06:17:57Z,163,6563.2
G87224,Ahmedabad,Bangalore,2026-07-19T00:44:57Z,2026-07-19T11:31:57Z,206,8822.99
AI7785,Jaipur,Delhi,2025-08-12T14:53:57Z,2025-08-12T22:11:57Z,193,11839.16
SG4141,Hyderabad,Bangalore,2026-03-09T22:47:57Z,2026-03-10T06:28:57Z,150,10242.37
SG6335,Chennai,Lucknow,2026-07-11T22:48:57Z,2026-07-12T04:20:57Z,161,3536.02
AI1552,Chennai,Nagpur,2025-12-30T12:47:57Z,2025-12-30T18:34:57Z,246,10282.47
6E7949,Goa,Jaipur,2026-08-02T22:53:57Z,2026-08-03T05:29:57Z,148,12541.88
SG5125,Hyderabad,Nagpur,2026-02-19T04:00:57Z,2026-02-19T07:04:57Z,188,14789.48
AI953,Delhi,Mumbai,2025-11-01T13:59:57Z,2025-11-01T19:20:57Z,248,12992.07
UK4782,Chennai,Mumbai,2025-10-22T22:31:57Z,2025-10-23T07:00:57Z,198,7837.48
6E2178,Pune,Goa,2025-10-31T14:12:57Z,2025-10-31T22:23:57Z,234,4761.32
UK184,Nagpur,Delhi,2025-12-30T20:53:57Z,2025-12-31T03:11:57Z,192,6336.21
6E8832,Chennai,Indore,2026-07-23T01:27:57Z,2026-07-23T11:05:57Z,124,5062.46
G84536,Kochi,Kolkata,2026-04-15T13:23:57Z,2026-04-16T00:11:57Z,207,8740.4
AI3983,Pune,Bangalore,2026-04-29T18:00:57Z,2026-04-30T03:58:57Z,190,13767.31
AI3938,Chennai,Jaipur,2025-11-04T01:46:57Z,2025-11-04T08:41:57Z,106,14120.78
UK7156,Chennai,Nagpur,2026-01-05T07:40:57Z,2026-01-05T18:12:57Z,164,2187.51
AI6545,Mumbai,Jaipur,2025-10-05T23:00:57Z,2025-10-06T00:04:57Z,217,6648.71
G84860,Mumbai,Jaipur,2025-09-17T06:01:57Z,2025-09-17T08:23:57Z,158,3498.06
UK9056,Kolkata,Nagpur,2026-05-12T04:25:57Z,2026-05-12T10:47:57Z,226,4229.49
G81561,Chennai,Nagpur,2026-04-02T06:47:57Z,2026-04-02T11:44:57Z,227,10234.52
AI7326,Delhi,Mumbai,2026-04-29T10:15:57Z,2026-04-29T20:58:57Z,165,6739.57
AI3275,Kochi,Pune,2025-10-15T13:44:57Z,2025-10-15T19:04:57Z,100,14733.25
6E4612,Nagpur,Ahmedabad,2025-11-29T23:33:57Z,2025-11-30T08:47:57Z,142,8922.69
G8713,Ahmedabad,Chennai,2026-05-09T23:29:57Z,2026-05-10T01:56:57Z,122,10407.99
UK9244,Lucknow,Hyderabad,2026-07-28T22:37:57Z,2026-07-29T00:34:57Z,249,4510.44
SG9357,Jaipur,Chennai,2025-09-10T00:30:57Z,2025-09-10T02:11:57Z,182,2749.99
6E8232,Chennai,Hyderabad,2026-01-11T17:31:57Z,2026-01-11T19:51:57Z,238,9442.62
AI7898,Goa,Kolkata,2025-08-20T18:43:57Z,2025-08-20T21:44:57Z,104,8913.03
6E9316,Delhi,Ahmedabad,2026-03-31T14:10:57Z,2026-03-31T22:12:57Z,132,12275.03
6E8384,Chennai,Hyderabad,2026-06-11T14:12:57Z,2026-06-12T00:06:57Z,218,8488.49
AI1975,Bangalore,Nagpur,2026-01-02T20:22:57Z,2026-01-03T01:00:57Z,244,4786.89
UK8012,Kochi,Goa,2026-07-24T10:14:57Z,2026-07-24T11:30:57Z,173,8008.8
UK698,Mumbai,Jaipur,2026-05-02T20:09:57Z,2026-05-03T00:27:57Z,131,8734.86
6E6309,Pune,Chennai,2025-09-07T01:26:57Z,2025-09-07T09:31:57Z,169,5645.23
SG1465,Pune,Guwahati,2026-07-24T15:20:57Z,2026-07-24T23:03:57Z,236,9551.43
G89849,Ahmedabad,Kochi,2025-09-18T04:24:57Z,2025-09-18T15:17:57Z,153,6045.76
AI8996,Pune,Guwahati,2025-10-01T06:35:57Z,2025-10-01T11:53:57Z,132,8448.35
AI3664,Pune,Delhi,2026-03-06T09:03:57Z,2026-03-06T12:46:57Z,119,12805.68
SG9286,Jaipur,Bangalore,2026-01-20T22:06:57Z,2026-01-21T08:47:57Z,229,13057.08
SG9292,Kochi,Kolkata,2025-10-15T14:34:57Z,2025-10-15T17:55:57Z,125,7503.7
AI6670,Bangalore,Mumbai,2025-09-22T19:10:57Z,2025-09-23T02:55:57Z,126,6200.38
G86404,Pune,Lucknow,2026-01-08T21:31:57Z,2026-01-09T01:39:57Z,135,14777.27
AI3260,Lucknow,Guwahati,2025-10-20T14:06:57Z,2025-10-20T16:49:57Z,178,3486.97
SG9375,Jaipur,Guwahati,2025-10-21T18:20:57Z,2025-10-22T00:13:57Z,181,3562.95
6E1915,Mumbai,Kochi,2026-01-17T22:25:57Z,2026-01-17T23:39:57Z,225,4058.1
SG193,Guwahati,Kolkata,2026-05-14T21:02:57Z,2026-05-14T23:46:57Z,219,5527.07
AI1094,Chennai,Ahmedabad,2025-08-14T22:08:57Z,2025-08-15T01:02:57Z,198,9419.36
UK5279,Delhi,Hyderabad,2026-05-19T12:08:57Z,2026-05-19T17:10:57Z,234,10663.73
SG8028,Mumbai,Guwahati,2025-11-03T03:01:57Z,2025-11-03T13:10:57Z,239,8891.9
SG7352,Indore,Kochi,2026-01-18T19:44:57Z,2026-01-19T03:00:57Z,164,2524.39
G88955,Jaipur,Pune,2026-07-21T21:01:57Z,2026-07-22T03:21:57Z,102,2019.43
AI8714,Mumbai,Guwahati,2025-11-28T06:19:57Z,2025-11-28T14:24:57Z,191,2464.32
6E6899,Hyderabad,Goa,2026-03-02T08:43:57Z,2026-03-02T19:20:57Z,176,8663.75
UK455,Delhi,Kochi,2026-04-22T04:09:57Z,2026-04-22T10:16:57Z,133,10608.87
SG7417,Ahmedabad,Pune,2025-09-24T09:25:57Z,2025-09-24T14:20:57Z,112,12431.05
6E1495,Nagpur,Hyderabad,2025-11-07T11:06:57Z,2025-11-07T18:01:57Z,110,12209.64
AI8287,Bangalore,Chennai,2026-04-08T00:56:57Z,2026-04-08T02:37:57Z,166,3453.22
6E2782,Goa,Hyderabad,2025-08-30T09:20:57Z,2025-08-30T18:58:57Z,179,10316.76
AI9805,Nagpur,Mumbai,2026-01-05T08:39:57Z,2026-01-05T15:50:57Z,223,2701.31
AI2694,Lucknow,Kochi,2026-07-27T02:29:57Z,2026-07-27T12:46:57Z,167,6710.18
UK5921,Hyderabad,Kolkata,2025-12-05T06:00:57Z,2025-12-05T16:10:57Z,244,4541.7
SG9310,Jaipur,Goa,2026-04-07T04:14:57Z,2026-04-07T11:25:57Z,121,9017.5
G8901,Delhi,Kochi,2025-11-23T02:38:57Z,2025-11-23T07:55:57Z,154,4124.93
G84918,Chennai,Delhi,2025-10-27T15:20:57Z,2025-10-27T17:25:57Z,241,6995.22
UK5237,Chennai,Jaipur,2026-02-20T11:55:57Z,2026-02-20T16:20:57Z,143,13658.65
UK9014,Pune,Ahmedabad,2026-07-17T22:01:57Z,2026-07-17T23:29:57Z,215,6547.95
6E6042,Kochi,Indore,2026-04-04T19:51:57Z,2026-04-05T02:46:57Z,197,13058.69
SG6954,Lucknow,Kochi,2026-07-01T23:47:57Z,2026-07-02T06:22:57Z,190,9159.09
UK4532,Indore,Lucknow,2025-09-02T21:10:57Z,2025-09-03T03:46:57Z,116,2170.25
6E6798,Pune,Lucknow,2026-05-05T16:40:57Z,2026-05-05T19:17:57Z,200,6180.04
UK7889,Bangalore,Kolkata,2025-09-03T14:32:57Z,2025-09-03T23:59:57Z,127,7865.11
G85724,Kolkata,Bangalore,2026-03-11T18:50:57Z,2026-03-12T01:20:57Z,241,14721.81
UK7217,Jaipur,Kochi,2026-05-20T01:43:57Z,2026-05-20T10:29:57Z,121,14975.78
SG2928,Pune,Kochi,2025-08-25T22:03:57Z,2025-08-26T04:48:57Z,149,9221.98
UK4181,Hyderabad,Chennai,2026-06-02T07:01:57Z,2026-06-02T16:41:57Z,217,5815.77
UK5924,Mumbai,Guwahati,2025-11-23T14:25:57Z,2025-11-23T17:42:57Z,245,10585.67
SG635,Ahmedabad,Delhi,2025-11-08T20:28:57Z,2025-11-09T07:11:57Z,221,13718.23
UK8499,Delhi,Bangalore,2026-05-08T21:09:57Z,2026-05-09T01:30:57Z,166,11230.21
UK4148,Delhi,Kolkata,2025-09-21T03:28:57Z,2025-09-21T11:49:57Z,150,13827.67
G86023,Kolkata,Bangalore,2025-11-02T03:40:57Z,2025-11-02T08:53:57Z,131,8926.51
SG8478,Goa,Delhi,2025-11-04T08:03:57Z,2025-11-04T10:24:57Z,226,14226.83
AI6666,Kochi,Pune,2026-02-15T15:14:57Z,2026-02-15T16:28:57Z,212,6408.6
UK238,Kolkata,Mumbai,2026-05-20T10:08:57Z,2026-05-20T14:16:57Z,125,7861.02
AI4300,Mumbai,Jaipur,2025-11-28T14:30:57Z,2025-11-29T00:42:57Z,109,12648.35
UK9135,Lucknow,Ahmedabad,2026-02-27T01:58:57Z,2026-02-27T05:51:57Z,149,3094.68
G8118,Chennai,Jaipur,2026-01-04T00:28:57Z,2026-01-04T01:58:57Z,131,6232.03
UK3831,Kochi,Ahmedabad,2026-03-11T04:30:57Z,2026-03-11T14:04:57Z,190,11775.88
SG4593,Mumbai,Lucknow,2025-12-23T07:17:57Z,2025-12-23T15:28:57Z,152,13303.58
G84966,Mumbai,Indore,2026-04-07T22:58:57Z,2026-04-08T02:32:57Z,187,7138.39
G85987,Bangalore,Guwahati,2025-08-27T13:52:57Z,2025-08-27T21:54:57Z,230,7967.54
SG1654,Bangalore,Delhi,2026-07-04T12:02:57Z,2026-07-04T21:49:57Z,116,2358.67
AI6890,Pune,Bangalore,2025-10-29T00:27:57Z,2025-10-29T01:34:57Z,229,13430.01
6E5683,Ahmedabad,Lucknow,2026-06-21T13:16:57Z,2026-06-21T19:46:57Z,141,8455.78
SG2724,Chennai,Hyderabad,2026-02-13T18:12:57Z,2026-02-13T22:19:57Z,173,2312.86
UK377,Guwahati,Goa,2026-06-04T17:23:57Z,2026-06-05T01:59:57Z,128,11830.07
UK9753,Pune,Lucknow,2026-04-06T22:39:57Z,2026-04-07T00:30:57Z,233,9725.28
UK5941,Ahmedabad,Goa,2026-06-19T23:02:57Z,2026-06-20T03:56:57Z,145,11409.21
G87800,Mumbai,Guwahati,2026-03-12T00:25:57Z,2026-03-12T04:38:57Z,145,3835.8
AI2039,Nagpur,Mumbai,2026-01-05T15:50:57Z,2026-01-05T20:26:57Z,169,9750.21
6E504,Indore,Nagpur,2026-04-23T10:29:57Z,2026-04-23T15:53:57Z,160,11264.94
AI4156,Kochi,Chennai,2026-03-31T00:02:57Z,2026-03-31T08:43:57Z,246,3653.41
G87816,Pune,Goa,2026-05-21T13:24:57Z,2026-05-21T15:36:57Z,207,8596.49
AI2477,Ahmedabad,Lucknow,2026-04-04T00:08:57Z,2026-04-04T03:29:57Z,207,14336.7
G81869,Hyderabad,Ahmedabad,2026-04-29T18:55:57Z,2026-04-29T20:45:57Z,225,4854.88
SG7640,Delhi,Kolkata,2026-06-06T05:17:57Z,2026-06-06T15:51:57Z,143,5948.0
SG7107,Bangalore,Pune,2026-08-06T20:10:57Z,2026-08-06T22:33:57Z,144,10747.87
UK7586,Goa,Mumbai,2025-11-15T23:05:57Z,2025-11-16T04:13:57Z,145,4033.26
UK4030,Goa,Indore,2025-08-27T00:29:57Z,2025-08-27T05:56:57Z,122,14383.97
6E9254,Jaipur,Guwahati,2025-11-01T06:56:57Z,2025-11-01T14:19:57Z,117,9669.47
G83045,Mumbai,Guwahati,2026-05-31T04:18:57Z,2026-05-31T13:13:57Z,185,3626.62
SG8325,Delhi,Chennai,2026-03-19T20:03:57Z,2026-03-19T22:08:57Z,100,7178.42
AI9046,Kolkata,Chennai,2025-12-08T19:44:57Z,2025-12-09T05:40:57Z,182,6230.74
SG2744,Delhi,Jaipur,2025-09-28T11:46:57Z,2025-09-28T18:50:57Z,155,5924.61
UK3196,Lucknow,Hyderabad,2026-06-21T18:55:57Z,2026-06-22T00:37:57Z,241,2322.65
AI8278,Ahmedabad,Goa,2025-09-20T16:22:57Z,2025-09-20T22:10:57Z,139,5965.64
UK4710,Hyderabad,Pune,2026-05-07T16:53:57Z,2026-05-07T23:18:57Z,175,12605.6
UK8931,Nagpur,Pune,2026-06-11T11:52:57Z,2026-06-11T22:47:57Z,181,9008.87
SG8498,Indore,Hyderabad,2026-03-03T02:11:57Z,2026-03-03T03:33:57Z,201,9497.09
SG1074,Mumbai,Indore,2026-03-27T18:30:57Z,2026-03-28T00:34:57Z,217,6077.07
AI2228,Chennai,Ahmedabad,2025-08-25T08:36:57Z,2025-08-25T18:19:57Z,238,4231.58
UK7992,Delhi,Chennai,2026-03-27T07:22:57Z,2026-03-27T10:16:57Z,115,12385.38
UK5907,Kochi,Chennai,2026-03-05T00:30:57Z,2026-03-05T03:41:57Z,110,7992.9
G88589,Delhi,Guwahati,2026-03-12T17:17:57Z,2026-03-12T18:26:57Z,183,7597.17
6E2178,Guwahati,Mumbai,2026-06-17T06:47:57Z,2026-06-17T14:26:57Z,229,8026.33
SG8508,Chennai,Hyderabad,2026-05-25T03:55:57Z,2026-05-25T07:45:57Z,203,5200.42
UK2408,Delhi,Kolkata,2026-07-28T20:13:57Z,2026-07-29T06:44:57Z,129,3088.23
6E1745,Nagpur,Goa,2026-04-21T02:58:57Z,2026-04-21T08:58:57Z,143,10187.96
UK374,Delhi,Kolkata,2026-03-05T06:57:57Z,2026-03-05T13:00:57Z,149,7925.9
SG3254,Kolkata,Hyderabad,2026-07-20T06:53:57Z,2026-07-20T11:23:57Z,198,14537.97
SG1154,Delhi,Indore,2026-05-21T15:18:57Z,2026-05-21T17:06:57Z,170,3960.01
AI1837,Lucknow,Hyderabad,2026-05-12T15:39:57Z,2026-05-13T00:30:57Z,206,3967.68
UK4282,Indore,Hyderabad,2026-06-03T11:53:57Z,2026-06-03T15:26:57Z,183,10492.95
UK1639,Bangalore,Pune,2026-06-12T23:35:57Z,2026-06-13T03:06:57Z,246,4241.53
UK4127,Hyderabad,Nagpur,2026-04-04T03:52:57Z,2026-04-04T10:00:57Z,102,9979.63
SG2464,Kolkata,Chennai,2026-06-14T17:45:57Z,2026-06-14T22:13:57Z,127,11264.11
6E3315,Ahmedabad,Goa,2026-04-06T08:27:57Z,2026-04-06T11:58:57Z,192,14600.39
6E1872,Goa,Pune,2025-10-09T17:03:57Z,2025-10-09T20:17:57Z,250,9124.98
UK245,Guwahati,Lucknow,2026-06-29T20:47:57Z,2026-06-30T01:04:57Z,199,11564.08
SG152,Delhi,Guwahati,2025-12-26T22:58:57Z,2025-12-27T02:20:57Z,112,11639.61
SG5293,Pune,Kolkata,2025-11-20T02:56:57Z,2025-11-20T04:19:57Z,195,12174.35
UK9719,Kolkata,Ahmedabad,2026-04-10T20:47:57Z,2026-04-11T00:36:57Z,193,10943.09
G87513,Indore,Kochi,2026-01-20T14:27:57Z,2026-01-20T17:04:57Z,113,14710.88
AI1700,Jaipur,Nagpur,2026-01-16T21:45:57Z,2026-01-17T03:05:57Z,246,3386.25
G84116,Guwahati,Lucknow,2026-04-28T16:44:57Z,2026-04-29T03:01:57Z,159,4674.6
SG508,Jaipur,Nagpur,2026-07-31T15:10:57Z,2026-07-31T18:55:57Z,229,4122.23
SG7163,Kochi,Nagpur,2026-03-03T13:24:57Z,2026-03-04T00:00:57Z,244,10895.87
AI2189,Kolkata,Lucknow,2026-03-13T01:44:57Z,2026-03-13T03:23:57Z,163,12882.67
AI510,Ahmedabad,Chennai,2026-03-24T21:53:57Z,2026-03-25T05:32:57Z,143,4099.82
6E8752,Mumbai,Lucknow,2025-11-08T09:45:57Z,2025-11-08T12:31:57Z,126,10997.56
6E1685,Mumbai,Indore,2025-08-25T12:37:57Z,2025-08-25T15:31:57Z,223,11537.46
6E6591,Nagpur,Jaipur,2025-10-19T07:11:57Z,2025-10-19T11:21:57Z,238,6275.03
SG3117,Lucknow,Delhi,2025-12-28T09:39:57Z,2025-12-28T15:14:57Z,239,8459.78
SG2881,Pune,Indore,2025-09-17T09:01:57Z,2025-09-17T11:16:57Z,158,11680.79
G82108,Lucknow,Delhi,2026-06-15T19:08:57Z,2026-06-16T05:40:57Z,128,3218.08
AI474,Ahmedabad,Hyderabad,2026-04-08T22:44:57Z,2026-04-08T23:56:57Z,227,4222.43
6E3352,Bangalore,Chennai,2026-04-25T11:19:57Z,2026-04-25T21:04:57Z,220,4258.49
SG9896,Bangalore,Ahmedabad,2025-10-03T07:53:57Z,2025-10-03T09:05:57Z,137,12502.14
G86640,Lucknow,Kolkata,2026-03-09T15:02:57Z,2026-03-09T21:01:57Z,113,13463.09
UK2653,Hyderabad,Kochi,2025-09-21T20:56:57Z,2025-09-22T05:33:57Z,196,7914.99
6E7047,Kochi,Goa,2026-07-25T13:28:57Z,2026-07-25T17:26:57Z,156,3844.02
G81156,Pune,Nagpur,2025-09-03T12:15:57Z,2025-09-03T23:06:57Z,214,8630.34
6E4808,Bangalore,Kochi,2026-03-12T10:29:57Z,2026-03-12T20:13:57Z,156,5065.17
UK8398,Kochi,Bangalore,2026-02-15T11:34:57Z,2026-02-15T20:05:57Z,211,8965.43
SG2064,Kochi,Kolkata,2026-03-06T21:30:57Z,2026-03-07T00:56:57Z,102,5239.87
G84979,Pune,Guwahati,2025-11-03T17:21:57Z,2025-11-04T00:51:57Z,209,6422.2
UK6474,Jaipur,Hyderabad,2025-12-14T04:29:57Z,2025-12-14T12:37:57Z,154,6125.08
UK4484,Kochi,Jaipur,2026-03-13T20:53:57Z,2026-03-13T23:12:57Z,207,13744.05
G86097,Lucknow,Pune,2026-06-27T05:44:57Z,2026-06-27T15:56:57Z,237,11839.17
G88347,Ahmedabad,Indore,2026-05-28T10:25:57Z,2026-05-28T16:40:57Z,190,9875.6
AI5651,Bangalore,Lucknow,2025-10-03T08:56:57Z,2025-10-03T10:55:57Z,125,9063.4
6E9771,Kochi,Jaipur,2026-06-24T23:50:57Z,2026-06-25T01:39:57Z,226,2210.7
SG6980,Delhi,Guwahati,2026-03-04T03:26:57Z,2026-03-04T09:15:57Z,180,12418.33
6E507,Mumbai,Goa,2025-09-07T10:16:57Z,2025-09-07T14:26:57Z,226,14576.34
G85393,Chennai,Goa,2026-06-12T12:14:57Z,2026-06-12T19:57:57Z,211,13335.75
6E2470,Pune,Mumbai,2026-05-13T05:44:57Z,2026-05-13T15:22:57Z,124,14049.57
SG1995,Nagpur,Guwahati,2026-07-10T02:28:57Z,2026-07-10T09:38:57Z,171,5514.85
SG4149,Delhi,Pune,2026-06-10T04:09:57Z,2026-06-10T13:49:57Z,101,11931.82
UK177,Jaipur,Ahmedabad,2025-08-22T08:31:57Z,2025-08-22T14:12:57Z,165,10602.79
UK8516,Mumbai,Jaipur,2026-06-16T14:49:57Z,2026-06-16T23:51:57Z,115,11199.2
6E6645,Goa,Indore,2026-06-07T16:13:57Z,2026-06-07T19:22:57Z,133,9402.07
SG7144,Chennai,Indore,2026-03-18T16:44:57Z,2026-03-19T00:57:57Z,104,13158.86
6E9653,Bangalore,Pune,2025-11-04T13:55:57Z,2025-11-04T20:40:57Z,168,5856.3
UK3920,Indore,Kolkata,2026-04-09T23:38:57Z,2026-04-10T05:42:57Z,247,10751.19
AI8801,Jaipur,Delhi,2026-04-01T12:03:57Z,2026-04-01T21:55:57Z,231,6618.63
UK6849,Kochi,Mumbai,2025-10-02T15:19:57Z,2025-10-03T00:41:57Z,176,12301.41
AI6775,Chennai,Lucknow,2026-01-24T21:00:57Z,2026-01-24T22:45:57Z,156,6474.44
SG2954,Kolkata,Indore,2026-01-25T20:52:57Z,2026-01-26T04:54:57Z,131,8106.97
AI5485,Kochi,Nagpur,2025-12-24T05:10:57Z,2025-12-24T06:54:57Z,210,12140.87
G85160,Chennai,Indore,2026-02-28T19:05:57Z,2026-03-01T01:22:57Z,103,8695.29
